광고그룹,키워드,입찰가,상태,월검색량,경쟁도,5위시세,랜딩
도구그룹,퇴직금계산기,70,PAUSED,301100,높음,70,https://toesahero.com/calc
도구그룹,최저임금,70,PAUSED,173800,중간,70,(소재기본)
도구그룹,실업급여계산기,70,ELIGIBLE,113300,낮음,70,https://toesahero.com/unemployment-calc
도구그룹,실업급여,70,ELIGIBLE,109900,중간,70,(소재기본)
도구그룹,실업급여신청,70,ELIGIBLE,98400,중간,70,(소재기본)
도구그룹,고용보험,70,ELIGIBLE,80500,중간,,(소재기본)
도구그룹,주휴수당,70,ELIGIBLE,67200,높음,70,(소재기본)
도구그룹,육아휴직,70,ELIGIBLE,50000,중간,,(소재기본)
도구그룹,주휴수당조건,70,ELIGIBLE,44180,높음,70,(소재기본)
도구그룹,4대보험완납증명서,70,ELIGIBLE,39000,중간,,(소재기본)
도구그룹,퇴직연금DC형,70,ELIGIBLE,37900,높음,70,(소재기본)
도구그룹,실업급여신청방법,70,ELIGIBLE,37800,중간,90,(소재기본)
도구그룹,퇴직금지급기준,70,ELIGIBLE,35750,높음,70,(소재기본)
도구그룹,고용산재보험토탈,70,ELIGIBLE,32250,중간,,(소재기본)
도구그룹,연차계산기,70,ELIGIBLE,30800,높음,90,https://toesahero.com/calc
도구그룹,실업급여수급기간,70,ELIGIBLE,28280,중간,70,(소재기본)
도구그룹,사직서양식,70,ELIGIBLE,26260,중간,70,https://toesahero.com/resignation-letter
도구그룹,노동청,70,PAUSED,25970,중간,70,(소재기본)
도구그룹,연차발생기준,70,ELIGIBLE,25870,높음,70,(소재기본)
도구그룹,이직확인서,70,ELIGIBLE,24100,중간,70,(소재기본)
도구그룹,출산휴가급여,70,ELIGIBLE,20210,중간,,(소재기본)
도구그룹,출산휴가,70,ELIGIBLE,18480,높음,,(소재기본)
도구그룹,연차수당계산기,70,ELIGIBLE,17980,높음,70,https://toesahero.com/calc
도구그룹,근로소득원천징수영수증,70,ELIGIBLE,15160,중간,70,(소재기본)
도구그룹,퇴직연금수령방법,70,ELIGIBLE,14460,높음,70,(소재기본)
도구그룹,고용산재,70,ELIGIBLE,12940,중간,70,(소재기본)
도구그룹,사직서,70,ELIGIBLE,11550,중간,70,https://toesahero.com/resignation-letter
도구그룹,통상임금,70,ELIGIBLE,11080,높음,70,(소재기본)
도구그룹,주휴수당계산법,70,ELIGIBLE,10690,낮음,70,https://toesahero.com/calc
도구그룹,월급세후계산기,70,ELIGIBLE,10100,낮음,70,(소재기본)
도구그룹,경위서,70,ELIGIBLE,9710,높음,,(소재기본)
도구그룹,인수인계,70,ELIGIBLE,9230,중간,70,(소재기본)
도구그룹,퇴직연금중도인출,70,ELIGIBLE,8770,높음,,(소재기본)
도구그룹,구직급여신청,70,ELIGIBLE,8730,높음,70,(소재기본)
도구그룹,연차수당,70,ELIGIBLE,8340,높음,70,(소재기본)
도구그룹,구직급여,70,ELIGIBLE,8170,높음,70,(소재기본)
도구그룹,실업급여이직확인서,70,ELIGIBLE,7520,높음,70,(소재기본)
도구그룹,퇴직금계산방법,70,ELIGIBLE,7370,중간,70,https://toesahero.com/calc
도구그룹,실업급여신청기간,70,ELIGIBLE,7300,높음,70,(소재기본)
도구그룹,근로소득세율,70,ELIGIBLE,7290,높음,,(소재기본)
도구그룹,퇴직소득세계산기,70,ELIGIBLE,7230,낮음,70,(소재기본)
도구그룹,근로소득원천징수,70,ELIGIBLE,7130,높음,70,(소재기본)
도구그룹,야간수당,70,ELIGIBLE,7010,중간,70,(소재기본)
도구그룹,임금피크제,70,ELIGIBLE,7000,중간,70,(소재기본)
도구그룹,고용노동부퇴직금계산기,70,ELIGIBLE,6920,중간,70,https://toesahero.com/calc
도구그룹,월급,70,ELIGIBLE,6160,높음,70,(소재기본)
도구그룹,병가,70,ELIGIBLE,6130,낮음,,(소재기본)
도구그룹,임금계산기,70,ELIGIBLE,6040,낮음,70,(소재기본)
도구그룹,산업재해조사표,70,ELIGIBLE,5980,높음,70,(소재기본)
도구그룹,5인미만사업장,70,ELIGIBLE,5740,중간,70,(소재기본)
도구그룹,전보,70,ELIGIBLE,5720,낮음,,(소재기본)
도구그룹,4대보험가입확인,70,ELIGIBLE,5640,중간,,(소재기본)
도구그룹,퇴사,70,ELIGIBLE,5470,중간,70,(소재기본)
도구그룹,연차개수계산기,70,ELIGIBLE,5440,낮음,70,https://toesahero.com/calc
도구그룹,퇴직소득세,70,ELIGIBLE,5430,중간,,(소재기본)
도구그룹,주휴수당계산,70,ELIGIBLE,5160,높음,70,https://toesahero.com/calc
도구그룹,급여,70,PAUSED,5130,높음,70,(소재기본)
도구그룹,퇴직증명서,70,ELIGIBLE,4780,중간,70,(소재기본)
도구그룹,월급계산,70,ELIGIBLE,4360,높음,70,(소재기본)
도구그룹,근로자퇴직급여보장법,70,ELIGIBLE,3930,중간,70,(소재기본)
도구그룹,퇴직금세금계산기,70,ELIGIBLE,3840,중간,70,https://toesahero.com/calc
도구그룹,고용노동부실업급여,70,ELIGIBLE,3810,중간,70,(소재기본)
도구그룹,무기계약직,70,ELIGIBLE,3720,높음,70,(소재기본)
도구그룹,실업급여계산,70,ELIGIBLE,3590,낮음,70,https://toesahero.com/unemployment-calc
도구그룹,야간수당계산기,70,ELIGIBLE,3570,낮음,,(소재기본)
도구그룹,정년퇴직실업급여,70,ELIGIBLE,3550,중간,70,(소재기본)
도구그룹,실업급여부정수급,70,ELIGIBLE,3490,높음,70,(소재기본)
도구그룹,퇴직연금해지,70,ELIGIBLE,3480,높음,70,(소재기본)
도구그룹,4대보험EDI,70,ELIGIBLE,3330,높음,,(소재기본)
도구그룹,근로감독관,70,PAUSED,3320,중간,70,(소재기본)
도구그룹,주52시간,70,ELIGIBLE,3150,높음,,(소재기본)
도구그룹,임금,70,ELIGIBLE,3040,높음,70,(소재기본)
도구그룹,근로소득지급명세서,70,ELIGIBLE,2960,중간,70,(소재기본)
도구그룹,산업재해보상보험법,70,ELIGIBLE,2910,중간,,(소재기본)
도구그룹,퇴직연금계산기,70,ELIGIBLE,2730,낮음,70,(소재기본)
도구그룹,촉탁직,70,ELIGIBLE,2680,높음,,(소재기본)
도구그룹,시말서쓰는법,70,ELIGIBLE,2630,중간,,(소재기본)
도구그룹,퇴직증명서발급,70,ELIGIBLE,2620,중간,70,(소재기본)
도구그룹,자발적퇴사실업급여,70,ELIGIBLE,2590,높음,,(소재기본)
도구그룹,사직서양식다운로드,70,ELIGIBLE,2540,중간,70,https://toesahero.com/resignation-letter
도구그룹,세후급여계산기,70,ELIGIBLE,2440,낮음,,https://toesahero.com/calc
도구그룹,퇴직연금디폴트옵션,70,ELIGIBLE,2350,높음,,(소재기본)
도구그룹,노동조합,70,ELIGIBLE,2320,높음,70,(소재기본)
도구그룹,급여실수령액계산기,70,ELIGIBLE,2260,중간,70,(소재기본)
도구그룹,월급실수령액계산기,70,ELIGIBLE,2190,낮음,70,(소재기본)
도구그룹,연차수당계산법,70,ELIGIBLE,2160,높음,70,https://toesahero.com/calc
도구그룹,촉탁계약직,70,ELIGIBLE,2150,중간,70,(소재기본)
도구그룹,근로소득,70,ELIGIBLE,2130,높음,70,(소재기본)
도구그룹,실업급여신청조건,70,ELIGIBLE,2110,높음,70,(소재기본)
도구그룹,인수인계서양식,70,ELIGIBLE,2050,중간,,(소재기본)
도구그룹,소정근로시간,70,ELIGIBLE,2040,중간,70,(소재기본)
도구그룹,연차수당계산,70,ELIGIBLE,2010,높음,70,https://toesahero.com/calc
도구그룹,월급세금계산기,70,ELIGIBLE,1990,낮음,,(소재기본)
도구그룹,퇴직공제EDI,70,ELIGIBLE,1970,높음,70,(소재기본)
도구그룹,휴일수당,70,ELIGIBLE,1970,높음,70,(소재기본)
도구그룹,장기근속수당,70,ELIGIBLE,1950,높음,70,(소재기본)
도구그룹,퇴직금정산,70,ELIGIBLE,1950,낮음,70,(소재기본)
도구그룹,근로소득세구간,70,ELIGIBLE,1910,높음,70,(소재기본)
도구그룹,퇴직증명서양식,70,ELIGIBLE,1880,중간,70,(소재기본)
도구그룹,이직확인서양식,70,ELIGIBLE,1870,중간,70,(소재기본)
도구그룹,근로자,70,ELIGIBLE,1860,낮음,70,(소재기본)
도구그룹,초과근무수당,70,ELIGIBLE,1860,높음,70,(소재기본)
도구그룹,위약금,70,ELIGIBLE,1860,높음,,(소재기본)
도구그룹,산재휴업급여신청,70,ELIGIBLE,1850,중간,70,(소재기본)
도구그룹,월급소득세계산법,70,ELIGIBLE,1840,높음,,(소재기본)
도구그룹,연장근로수당,70,ELIGIBLE,1790,높음,70,(소재기본)
도구그룹,실업급여수급조건,70,ELIGIBLE,1790,높음,,(소재기본)
도구그룹,노동조합법,70,ELIGIBLE,1780,높음,70,(소재기본)
도구그룹,퇴직금계산법,70,ELIGIBLE,1750,높음,70,https://toesahero.com/calc
도구그룹,야근수당,70,ELIGIBLE,1710,높음,70,(소재기본)
도구그룹,근로자의날수당,70,ELIGIBLE,1670,높음,70,(소재기본)
도구그룹,통상임금계산법,70,ELIGIBLE,1670,높음,70,https://toesahero.com/calc
도구그룹,실업급여신청하는곳,70,ELIGIBLE,1640,중간,70,(소재기본)
도구그룹,4대보험납부내역서,70,ELIGIBLE,1640,높음,,(소재기본)
도구그룹,명예퇴직,70,ELIGIBLE,1620,높음,,(소재기본)
도구그룹,대기발령,70,ELIGIBLE,1580,낮음,,(소재기본)
도구그룹,근로기준법연차,70,ELIGIBLE,1570,높음,70,(소재기본)
도구그룹,연장근로수당계산,70,ELIGIBLE,1540,높음,70,(소재기본)
도구그룹,퇴직소득원천징수영수증,70,ELIGIBLE,1530,높음,,(소재기본)
도구그룹,야근수당계산기,70,ELIGIBLE,1520,낮음,,(소재기본)
도구그룹,인수인계서,70,ELIGIBLE,1510,중간,,(소재기본)
도구그룹,일용근로소득지급명세서,70,ELIGIBLE,1470,중간,70,(소재기본)
도구그룹,최저급여,70,ELIGIBLE,1450,높음,70,(소재기본)
도구그룹,실업수당조건,70,ELIGIBLE,1430,높음,70,(소재기본)
도구그룹,실업급여온라인신청,70,ELIGIBLE,1420,높음,70,(소재기본)
도구그룹,일용근로내역서,70,ELIGIBLE,1400,높음,70,(소재기본)
도구그룹,근로소득세계산,70,ELIGIBLE,1390,낮음,70,(소재기본)
도구그룹,감봉,70,ELIGIBLE,1390,낮음,,(소재기본)
도구그룹,실업급여모의계산,70,ELIGIBLE,1380,중간,,https://toesahero.com/unemployment-calc
도구그룹,퇴직급여,70,ELIGIBLE,1370,높음,70,(소재기본)
도구그룹,퇴사후실업급여신청기간,70,ELIGIBLE,1350,높음,70,(소재기본)
도구그룹,고용24실업급여,70,ELIGIBLE,1340,중간,,(소재기본)
도구그룹,예상퇴직금확인서,70,ELIGIBLE,1330,중간,70,(소재기본)
도구그룹,급여소득세계산기,70,ELIGIBLE,1320,낮음,70,(소재기본)
도구그룹,노동조합및노동관계조정법,70,ELIGIBLE,1310,높음,70,(소재기본)
도구그룹,연장수당계산기,70,ELIGIBLE,1300,낮음,70,(소재기본)
도구그룹,임금대장,70,ELIGIBLE,1270,높음,70,(소재기본)
도구그룹,퇴사통보,70,ELIGIBLE,1250,높음,70,(소재기본)
도구그룹,대전근로복지공단,70,ELIGIBLE,1250,중간,70,(소재기본)
도구그룹,야간근로수당,70,ELIGIBLE,1230,높음,70,(소재기본)
도구그룹,사고경위서,70,ELIGIBLE,1230,중간,,(소재기본)
도구그룹,연장수당,70,ELIGIBLE,1190,높음,70,(소재기본)
도구그룹,퇴직급여계산,70,ELIGIBLE,1190,낮음,70,(소재기본)
도구그룹,시간외수당,70,ELIGIBLE,1160,높음,70,(소재기본)
도구그룹,월차수당,70,ELIGIBLE,1150,높음,70,(소재기본)
도구그룹,임금명세서,70,ELIGIBLE,1130,높음,70,(소재기본)
도구그룹,퇴직금정산방법,70,ELIGIBLE,1120,높음,70,(소재기본)
도구그룹,시간외수당계산기,70,ELIGIBLE,1100,낮음,70,(소재기본)
도구그룹,연차촉진제,70,ELIGIBLE,1080,높음,70,(소재기본)
도구그룹,퇴직연금DC,70,ELIGIBLE,1080,높음,,(소재기본)
도구그룹,연차일수계산기,70,ELIGIBLE,1070,낮음,70,https://toesahero.com/calc
도구그룹,장해급여,70,ELIGIBLE,1050,높음,70,(소재기본)
도구그룹,실업급여문의,70,ELIGIBLE,1050,높음,70,(소재기본)
도구그룹,퇴직서,70,ELIGIBLE,1040,높음,70,(소재기본)
도구그룹,급여일할계산기,70,ELIGIBLE,1040,낮음,,https://toesahero.com/calc
도구그룹,퇴직금수령,70,ELIGIBLE,1040,높음,,(소재기본)
도구그룹,사고경위서양식,70,ELIGIBLE,1030,중간,,(소재기본)
도구그룹,실업급여지급기간,70,ELIGIBLE,1010,높음,70,(소재기본)
도구그룹,1년미만연차,70,ELIGIBLE,990,높음,70,(소재기본)
도구그룹,주휴수당계산방법,70,ELIGIBLE,990,낮음,70,https://toesahero.com/calc
도구그룹,연차휴가,70,ELIGIBLE,970,높음,70,(소재기본)
도구그룹,실업급여교육시간,70,ELIGIBLE,960,높음,,(소재기본)
도구그룹,휴일근무수당계산,70,ELIGIBLE,950,높음,70,(소재기본)
도구그룹,연차유급휴가,70,ELIGIBLE,930,높음,70,(소재기본)
도구그룹,퇴사후실업급여,70,ELIGIBLE,930,높음,70,(소재기본)
도구그룹,통상임금계산,70,ELIGIBLE,910,낮음,70,https://toesahero.com/calc
도구그룹,퇴직확인서,70,ELIGIBLE,900,높음,70,(소재기본)
도구그룹,최저임금법,70,ELIGIBLE,870,높음,70,(소재기본)
도구그룹,단시간근로자,70,ELIGIBLE,870,높음,,(소재기본)
도구그룹,KB퇴직연금,70,ELIGIBLE,870,높음,,(소재기본)
도구그룹,해고실업급여,70,ELIGIBLE,850,중간,,(소재기본)
도구그룹,실업급여수급자격,70,ELIGIBLE,840,높음,70,(소재기본)
도구그룹,일용근로자,70,ELIGIBLE,830,높음,70,(소재기본)
도구그룹,월급일할계산,70,ELIGIBLE,820,낮음,70,(소재기본)
도구그룹,실업급여필요서류,70,ELIGIBLE,810,높음,70,(소재기본)
도구그룹,농업인안전보험,70,ELIGIBLE,810,높음,,(소재기본)
도구그룹,연차발생,70,ELIGIBLE,780,높음,70,(소재기본)
도구그룹,퇴직시연차수당,70,ELIGIBLE,780,높음,70,(소재기본)
도구그룹,퇴직금계산기준,70,ELIGIBLE,780,낮음,70,https://toesahero.com/calc
도구그룹,퇴직연금가입방법,70,ELIGIBLE,770,높음,70,(소재기본)
도구그룹,연차회계년도기준,70,ELIGIBLE,770,높음,70,(소재기본)
도구그룹,회계년도연차계산기,70,ELIGIBLE,770,낮음,70,https://toesahero.com/calc
도구그룹,프리랜서세금,70,ELIGIBLE,760,높음,,(소재기본)
도구그룹,퇴직연금종류,70,ELIGIBLE,750,높음,70,(소재기본)
도구그룹,근로확인서,70,ELIGIBLE,740,중간,70,(소재기본)
도구그룹,휴일수당계산기,70,ELIGIBLE,730,낮음,70,(소재기본)
도구그룹,확정급여형퇴직연금,70,ELIGIBLE,730,높음,,(소재기본)
도구그룹,4대보험카드납부,70,ELIGIBLE,700,높음,,(소재기본)
도구그룹,의료급여법,70,ELIGIBLE,700,높음,,(소재기본)
도구그룹,감시단속적근로자,70,ELIGIBLE,690,높음,70,(소재기본)
도구그룹,실업급여대상,70,ELIGIBLE,690,중간,70,(소재기본)
도구그룹,급여명세표,70,ELIGIBLE,690,높음,70,(소재기본)
도구그룹,공무원수당규정,70,ELIGIBLE,690,높음,70,(소재기본)
도구그룹,연차사용계획서,70,ELIGIBLE,680,높음,70,(소재기본)
도구그룹,연차사용,70,ELIGIBLE,670,높음,70,(소재기본)
도구그룹,퇴직연금수수료,70,ELIGIBLE,660,높음,,(소재기본)
도구그룹,퇴직연금계산,70,ELIGIBLE,660,낮음,,(소재기본)
도구그룹,주차수당,70,ELIGIBLE,650,중간,70,(소재기본)
도구그룹,미사용연차수당,70,ELIGIBLE,640,높음,70,(소재기본)
도구그룹,임원퇴직금한도,70,ELIGIBLE,630,높음,70,(소재기본)
도구그룹,주근로시간,70,ELIGIBLE,630,높음,70,(소재기본)
도구그룹,사직서양식무료,70,ELIGIBLE,630,중간,70,https://toesahero.com/resignation-letter
도구그룹,고용보험사이트,70,ELIGIBLE,630,높음,,(소재기본)
도구그룹,연장근무수당계산,70,ELIGIBLE,620,낮음,,(소재기본)
도구그룹,정리해고,70,ELIGIBLE,610,높음,70,(소재기본)
도구그룹,탄력적근로시간제,70,ELIGIBLE,610,높음,70,(소재기본)
도구그룹,인수인계양식,70,ELIGIBLE,600,중간,,(소재기본)
도구그룹,프리랜서근로계약서,70,ELIGIBLE,590,높음,70,(소재기본)
도구그룹,퇴직금신청,70,ELIGIBLE,590,높음,70,(소재기본)
도구그룹,삼성증권퇴직연금,70,PAUSED,590,중간,,(소재기본)
도구그룹,퇴직금명세서,70,ELIGIBLE,580,높음,70,(소재기본)
도구그룹,인턴월급,70,ELIGIBLE,580,높음,70,(소재기본)
도구그룹,단기계약직,70,ELIGIBLE,580,높음,,(소재기본)
도구그룹,잔업수당계산,70,ELIGIBLE,570,높음,70,(소재기본)
도구그룹,퇴직급여충당금,70,ELIGIBLE,570,중간,70,(소재기본)
도구그룹,일용근로소득,70,ELIGIBLE,570,높음,70,(소재기본)
도구그룹,4대보험가입기준,70,ELIGIBLE,570,높음,,(소재기본)
도구그룹,산업재해조사표양식,70,ELIGIBLE,570,높음,,https://toesahero.com/resignation-letter
도구그룹,퇴직금지급기한,70,ELIGIBLE,560,높음,70,(소재기본)
도구그룹,연차일수,70,ELIGIBLE,560,높음,70,(소재기본)
도구그룹,실업급여동영상교육,70,ELIGIBLE,560,높음,70,(소재기본)
도구그룹,육아휴직복직,70,ELIGIBLE,560,높음,,(소재기본)
도구그룹,직업병,70,ELIGIBLE,560,높음,,(소재기본)
도구그룹,실업급여부정수급사례,70,ELIGIBLE,550,높음,70,(소재기본)
도구그룹,연차신청서,70,ELIGIBLE,550,높음,70,(소재기본)
도구그룹,6개월퇴직금,70,ELIGIBLE,540,낮음,70,(소재기본)
도구그룹,급여일할계산,70,ELIGIBLE,540,낮음,70,(소재기본)
도구그룹,시말서해고,70,ELIGIBLE,540,중간,,(소재기본)
도구그룹,농협은행퇴직연금,70,ELIGIBLE,530,중간,70,(소재기본)
도구그룹,해고통지서양식,70,ELIGIBLE,530,높음,70,(소재기본)
도구그룹,업무인수인계서,70,ELIGIBLE,520,높음,70,(소재기본)
도구그룹,일용근로자4대보험,70,ELIGIBLE,520,높음,,(소재기본)
도구그룹,급여4대보험계산기,70,ELIGIBLE,520,낮음,,https://toesahero.com/calc
도구그룹,DC형퇴직연금,70,ELIGIBLE,510,높음,70,(소재기본)
도구그룹,근로계약서작성방법,70,ELIGIBLE,500,높음,70,(소재기본)
도구그룹,퇴직금세금공제,70,ELIGIBLE,500,높음,70,(소재기본)
도구그룹,의정부노동청,70,ELIGIBLE,490,중간,70,(소재기본)
도구그룹,퇴직소득지급명세서,70,ELIGIBLE,490,높음,70,(소재기본)
도구그룹,퇴직연금수익률,70,ELIGIBLE,490,높음,70,(소재기본)
도구그룹,퇴직연금이란,70,ELIGIBLE,490,높음,70,(소재기본)
도구그룹,사직서무료양식,70,ELIGIBLE,490,중간,70,https://toesahero.com/resignation-letter
도구그룹,세전급여계산기,70,ELIGIBLE,490,낮음,,https://toesahero.com/calc
도구그룹,퇴직연금수령기간,70,ELIGIBLE,470,높음,70,(소재기본)
도구그룹,산재장애등급표,70,ELIGIBLE,470,높음,,(소재기본)
도구그룹,급여내역서,70,ELIGIBLE,450,높음,70,(소재기본)
도구그룹,급여명세서양식무료,70,ELIGIBLE,450,높음,70,(소재기본)
도구그룹,계약직근로계약서,70,ELIGIBLE,440,높음,70,(소재기본)
도구그룹,월급제주휴수당,70,ELIGIBLE,440,높음,70,(소재기본)
도구그룹,퇴직금통상임금,70,ELIGIBLE,440,높음,70,(소재기본)
도구그룹,4대보험환급,70,ELIGIBLE,440,높음,,(소재기본)
도구그룹,추가근무수당,70,ELIGIBLE,420,높음,70,(소재기본)
도구그룹,무료사직서양식,70,ELIGIBLE,420,낮음,70,https://toesahero.com/resignation-letter
도구그룹,퇴직금산정내역서,70,ELIGIBLE,410,높음,70,(소재기본)
도구그룹,사건경위서,70,ELIGIBLE,410,높음,,(소재기본)
도구그룹,퇴직금분할지급,70,ELIGIBLE,410,높음,,(소재기본)
도구그룹,잔업수당계산기,70,ELIGIBLE,400,낮음,70,(소재기본)
도구그룹,실업급여신청시필요서류,70,ELIGIBLE,400,중간,70,(소재기본)
도구그룹,특수고용직,70,ELIGIBLE,400,높음,,(소재기본)
도구그룹,휴직급여,70,ELIGIBLE,400,높음,,(소재기본)
도구그룹,업무인수인계양식,70,ELIGIBLE,390,높음,70,(소재기본)
도구그룹,비급여동의서,70,ELIGIBLE,390,높음,70,(소재기본)
도구그룹,퇴직금추계액,70,ELIGIBLE,380,높음,70,(소재기본)
도구그룹,퇴직금정산내역서,70,ELIGIBLE,380,높음,70,(소재기본)
도구그룹,일용직급여명세서,70,ELIGIBLE,380,높음,,(소재기본)
도구그룹,실업급여반복수급,70,ELIGIBLE,380,높음,,(소재기본)
도구그룹,임금명세서양식,70,ELIGIBLE,380,높음,,(소재기본)
도구그룹,임금피크제란,70,ELIGIBLE,370,높음,70,(소재기본)
도구그룹,근로소득세세율,70,ELIGIBLE,370,중간,70,(소재기본)
도구그룹,임금대장양식,70,ELIGIBLE,370,높음,70,(소재기본)
도구그룹,퇴사절차,70,ELIGIBLE,360,높음,70,(소재기본)
도구그룹,임금계산,70,ELIGIBLE,360,낮음,70,(소재기본)
도구그룹,일용직건강보험,70,ELIGIBLE,360,높음,,(소재기본)
도구그룹,수습기간근로계약서,70,ELIGIBLE,350,높음,70,(소재기본)
도구그룹,고용노동부실업급여신청,70,ELIGIBLE,350,중간,70,(소재기본)
도구그룹,일용직급여,70,ELIGIBLE,350,높음,70,(소재기본)
도구그룹,고용보험지원금,70,ELIGIBLE,350,높음,,(소재기본)
도구그룹,한국투자증권퇴직연금,70,ELIGIBLE,350,높음,,(소재기본)
도구그룹,실급여,70,ELIGIBLE,350,중간,,(소재기본)
도구그룹,월급명세서양식,70,ELIGIBLE,350,높음,,(소재기본)
도구그룹,단기근로계약서,70,ELIGIBLE,340,높음,70,(소재기본)
도구그룹,성남노동청,70,ELIGIBLE,340,높음,70,(소재기본)
도구그룹,연장근로시간,70,ELIGIBLE,340,높음,70,(소재기본)
도구그룹,국민은행퇴직연금수령방법,70,ELIGIBLE,340,중간,,(소재기본)
도구그룹,초과근무수당계산기,70,ELIGIBLE,340,낮음,,(소재기본)
도구그룹,연장근로수당계산기,70,ELIGIBLE,330,낮음,70,(소재기본)
도구그룹,근로사실확인서,70,ELIGIBLE,330,중간,70,(소재기본)
도구그룹,통상임금퇴직금계산,70,ELIGIBLE,330,낮음,70,https://toesahero.com/calc
도구그룹,퇴직연금포트폴리오,70,ELIGIBLE,330,높음,,(소재기본)
도구그룹,공사표준계약서,70,ELIGIBLE,330,중간,,https://toesahero.com/resignation-letter
도구그룹,업무인수인계서양식,70,ELIGIBLE,320,중간,70,(소재기본)
도구그룹,퇴사처리,70,ELIGIBLE,320,높음,70,(소재기본)
도구그룹,야간수당계산,70,ELIGIBLE,320,낮음,70,(소재기본)
도구그룹,임원퇴직금,70,ELIGIBLE,320,높음,70,(소재기본)
도구그룹,퇴직금중간정산신청서,70,ELIGIBLE,320,중간,70,(소재기본)
도구그룹,실업급여부정수급벌금,70,ELIGIBLE,320,중간,70,(소재기본)
도구그룹,연차이월,70,ELIGIBLE,320,높음,70,(소재기본)
도구그룹,실업급여구직활동인정방법,70,ELIGIBLE,320,높음,70,(소재기본)
도구그룹,퇴직확인서양식,70,ELIGIBLE,320,중간,70,(소재기본)
도구그룹,산재요양신청서,70,ELIGIBLE,320,높음,,(소재기본)
도구그룹,외국인표준근로계약서,70,ELIGIBLE,310,중간,70,(소재기본)
도구그룹,산재장해등급표,70,ELIGIBLE,310,높음,,(소재기본)
도구그룹,권고사직사직서양식,70,ELIGIBLE,300,중간,70,https://toesahero.com/resignation-letter
도구그룹,퇴직연금소득공제,70,ELIGIBLE,300,높음,,(소재기본)
도구그룹,퇴직연금추천,70,ELIGIBLE,290,높음,70,(소재기본)
도구그룹,임금채권,70,ELIGIBLE,290,높음,70,(소재기본)
도구그룹,연차소진,70,ELIGIBLE,290,높음,70,(소재기본)
도구그룹,회사연차,70,ELIGIBLE,290,높음,70,(소재기본)
도구그룹,급여지급명세서,70,ELIGIBLE,290,높음,70,(소재기본)
도구그룹,시말서양식무료,70,ELIGIBLE,290,낮음,,(소재기본)
도구그룹,플랫폼노동,70,ELIGIBLE,290,낮음,,(소재기본)
도구그룹,휴직계양식,70,ELIGIBLE,290,중간,,(소재기본)
도구그룹,해고통보,70,ELIGIBLE,280,높음,70,(소재기본)
도구그룹,인턴급여,70,ELIGIBLE,280,높음,70,(소재기본)
도구그룹,연장근로,70,ELIGIBLE,280,높음,,(소재기본)
도구그룹,퇴직연금이전,70,ELIGIBLE,280,높음,,(소재기본)
도구그룹,해고예고,70,ELIGIBLE,270,높음,70,(소재기본)
도구그룹,급여소득세율,70,ELIGIBLE,270,높음,70,(소재기본)
도구그룹,급여입금내역서,70,ELIGIBLE,270,높음,,(소재기본)
도구그룹,급여공제,70,ELIGIBLE,270,높음,,(소재기본)
도구그룹,근로기준법위반,70,ELIGIBLE,260,높음,70,(소재기본)
도구그룹,퇴직금신청기간,70,ELIGIBLE,260,높음,70,(소재기본)
도구그룹,급여명세서발급방법,70,ELIGIBLE,260,높음,70,(소재기본)
도구그룹,연차수당통상임금,70,ELIGIBLE,260,중간,70,(소재기본)
도구그룹,연차발생계산기,70,ELIGIBLE,260,낮음,70,https://toesahero.com/calc
도구그룹,산업재해기준,70,ELIGIBLE,260,높음,,(소재기본)
도구그룹,산재신청서,70,ELIGIBLE,260,높음,,(소재기본)
도구그룹,개인형퇴직연금,70,ELIGIBLE,250,높음,70,(소재기본)
도구그룹,시급제급여계산,70,ELIGIBLE,250,높음,70,(소재기본)
도구그룹,퇴직연차계산기,70,ELIGIBLE,250,낮음,70,https://toesahero.com/calc
도구그룹,고용보험금액,70,ELIGIBLE,250,높음,,(소재기본)
도구그룹,4대보험상실확인서,70,ELIGIBLE,250,높음,,(소재기본)
도구그룹,삼성퇴직연금,70,PAUSED,250,높음,,(소재기본)
도구그룹,일용근로계약서,70,ELIGIBLE,240,높음,70,(소재기본)
도구그룹,퇴직연금법,70,ELIGIBLE,240,높음,70,(소재기본)
도구그룹,급여소득세계산,70,ELIGIBLE,240,낮음,70,(소재기본)
도구그룹,연차대장,70,ELIGIBLE,240,높음,70,(소재기본)
도구그룹,중도입사자급여계산,70,ELIGIBLE,240,높음,70,(소재기본)
도구그룹,퇴직연차수당,70,ELIGIBLE,240,높음,70,(소재기본)
도구그룹,일용직실업급여신청방법,70,ELIGIBLE,240,높음,70,(소재기본)
도구그룹,실업급여신청자격,70,ELIGIBLE,240,높음,70,(소재기본)
도구그룹,연차일수계산,70,ELIGIBLE,240,높음,70,https://toesahero.com/calc
도구그룹,해고절차,70,ELIGIBLE,230,높음,70,(소재기본)
도구그룹,징계해고,70,ELIGIBLE,230,높음,70,(소재기본)
도구그룹,퇴직금지급명세서,70,ELIGIBLE,230,높음,70,(소재기본)
도구그룹,고용노동부급여명세서,70,ELIGIBLE,230,높음,70,(소재기본)
도구그룹,근로소득계산,70,ELIGIBLE,230,낮음,70,(소재기본)
도구그룹,실업급여조건확인,70,ELIGIBLE,230,중간,70,(소재기본)
도구그룹,구직급여계산,70,ELIGIBLE,230,낮음,70,(소재기본)
도구그룹,실업급여대상자,70,ELIGIBLE,230,중간,70,(소재기본)
도구그룹,사직서내용,70,ELIGIBLE,230,중간,70,https://toesahero.com/resignation-letter
도구그룹,경기도시민안전보험,70,ELIGIBLE,230,중간,,(소재기본)
도구그룹,야간근로수당계산,70,ELIGIBLE,220,낮음,70,(소재기본)
도구그룹,퇴직금지급확인서,70,ELIGIBLE,220,높음,70,(소재기본)
도구그룹,일용근로자소득세,70,ELIGIBLE,220,높음,70,(소재기본)
도구그룹,실업급여대기기간,70,ELIGIBLE,220,중간,70,(소재기본)
도구그룹,실업급여신청하기,70,ELIGIBLE,220,높음,70,(소재기본)
도구그룹,회계연도기준연차계산,70,ELIGIBLE,220,낮음,70,https://toesahero.com/calc
도구그룹,회계연도연차계산,70,ELIGIBLE,220,낮음,70,https://toesahero.com/calc
도구그룹,시말서작성방법,70,ELIGIBLE,220,높음,,(소재기본)
도구그룹,퇴직연금보험,70,ELIGIBLE,220,높음,,(소재기본)
도구그룹,근로기준법제23조,70,ELIGIBLE,210,높음,70,(소재기본)
도구그룹,비과세급여,70,ELIGIBLE,210,높음,70,(소재기본)
도구그룹,연차규정,70,ELIGIBLE,210,높음,70,(소재기본)
도구그룹,연장수당계산,70,ELIGIBLE,210,낮음,70,(소재기본)
도구그룹,직장내장애인인식개선교육자료,70,ELIGIBLE,210,높음,70,(소재기본)
도구그룹,실업급여자격조건,70,ELIGIBLE,210,높음,70,(소재기본)
도구그룹,퇴직금계산서,70,ELIGIBLE,210,높음,,https://toesahero.com/calc
도구그룹,파견근무,70,ELIGIBLE,210,높음,,(소재기본)
도구그룹,실업급여계산방법,70,ELIGIBLE,210,낮음,,https://toesahero.com/unemployment-calc
도구그룹,정규직근로계약서,70,ELIGIBLE,200,높음,70,(소재기본)
도구그룹,이직확인서처리여부조회,70,ELIGIBLE,200,중간,70,(소재기본)
도구그룹,실업급여신청일,70,ELIGIBLE,200,높음,70,(소재기본)
도구그룹,일용직퇴직금계산,70,ELIGIBLE,200,낮음,70,https://toesahero.com/calc
도구그룹,산재연금,70,ELIGIBLE,200,높음,,(소재기본)
도구그룹,수당계산기,70,ELIGIBLE,200,낮음,,(소재기본)
도구그룹,근로계약,70,ELIGIBLE,190,높음,70,(소재기본)
도구그룹,연월차수당계산,70,ELIGIBLE,190,낮음,70,(소재기본)
도구그룹,자격수당,70,ELIGIBLE,190,높음,70,(소재기본)
도구그룹,퇴직연금가입의무,70,ELIGIBLE,190,높음,70,(소재기본)
도구그룹,연차관리엑셀,70,ELIGIBLE,190,높음,70,(소재기본)
도구그룹,회계연도연차,70,ELIGIBLE,190,높음,70,(소재기본)
도구그룹,연월차수당,70,ELIGIBLE,190,중간,70,(소재기본)
도구그룹,실업급여액,70,ELIGIBLE,190,중간,70,(소재기본)
도구그룹,고용노동부지원금,70,ELIGIBLE,190,높음,,(소재기본)
도구그룹,해외파견,70,ELIGIBLE,190,높음,,(소재기본)
도구그룹,연차수당지급시기,70,ELIGIBLE,180,높음,70,(소재기본)
도구그룹,퇴직연금압류,70,ELIGIBLE,180,높음,70,(소재기본)
도구그룹,퇴직연금상품,70,ELIGIBLE,170,높음,70,(소재기본)
도구그룹,급여확인서,70,ELIGIBLE,170,높음,70,(소재기본)
도구그룹,개인사업자퇴직금,70,ELIGIBLE,170,높음,70,(소재기본)
도구그룹,퇴직연금의무가입,70,ELIGIBLE,170,높음,70,(소재기본)
도구그룹,야간근로,70,ELIGIBLE,170,높음,,(소재기본)
도구그룹,휴일근로,70,ELIGIBLE,170,높음,,(소재기본)
도구그룹,4대보험사이트,70,ELIGIBLE,170,높음,,(소재기본)
도구그룹,회사경위서양식,70,ELIGIBLE,170,중간,,(소재기본)
도구그룹,겸직금지,70,ELIGIBLE,170,높음,,(소재기본)
도구그룹,임금근로자,70,ELIGIBLE,160,높음,70,(소재기본)
도구그룹,월급관리,70,ELIGIBLE,160,높음,70,(소재기본)
도구그룹,월급계산법,70,ELIGIBLE,160,낮음,70,(소재기본)
도구그룹,실업급여인터넷신청방법,70,ELIGIBLE,160,높음,70,(소재기본)
도구그룹,사직서서식,70,ELIGIBLE,160,높음,70,https://toesahero.com/resignation-letter
도구그룹,퇴직보험,70,ELIGIBLE,160,높음,,(소재기본)
도구그룹,해고시실업급여,70,ELIGIBLE,160,높음,,(소재기본)
도구그룹,월차수당계산방법,70,ELIGIBLE,150,낮음,70,(소재기본)
도구그룹,급여테이블,70,ELIGIBLE,150,높음,70,(소재기본)
도구그룹,연차촉진양식,70,ELIGIBLE,150,높음,70,(소재기본)
도구그룹,월급여계산,70,ELIGIBLE,150,낮음,70,(소재기본)
도구그룹,실업급여수급자격신청온라인,70,ELIGIBLE,150,중간,70,(소재기본)
도구그룹,연차계산기엑셀,70,ELIGIBLE,150,낮음,70,https://toesahero.com/calc
도구그룹,시말서양식다운로드,70,ELIGIBLE,150,중간,,(소재기본)
도구그룹,비밀유지각서,70,ELIGIBLE,150,높음,,(소재기본)
도구그룹,교통사고산재,70,ELIGIBLE,150,높음,,(소재기본)
도구그룹,산재은폐,70,ELIGIBLE,150,낮음,,(소재기본)
도구그룹,개인퇴직연금계좌,70,ELIGIBLE,150,높음,,(소재기본)
도구그룹,급여대장엑셀,70,ELIGIBLE,150,높음,,(소재기본)
도구그룹,휴업급여청구서,70,ELIGIBLE,150,높음,,(소재기본)
도구그룹,건강보험급여,70,ELIGIBLE,150,높음,,(소재기본)
도구그룹,실업급여수급나이,70,ELIGIBLE,150,높음,,(소재기본)
도구그룹,근로계약서서식,70,ELIGIBLE,140,높음,70,(소재기본)
도구그룹,일용직근로자퇴직금,70,ELIGIBLE,140,높음,70,(소재기본)
도구그룹,퇴직금내역서,70,ELIGIBLE,140,높음,70,(소재기본)
도구그룹,통상임금퇴직금,70,ELIGIBLE,140,높음,70,(소재기본)
도구그룹,퇴직금수령확인서,70,ELIGIBLE,140,중간,70,(소재기본)
도구그룹,연차갯수,70,ELIGIBLE,140,높음,70,(소재기본)
도구그룹,연차양식,70,ELIGIBLE,140,높음,70,(소재기본)
도구그룹,연차보고서,70,ELIGIBLE,140,높음,70,(소재기본)
도구그룹,급여명세서양식다운,70,ELIGIBLE,140,높음,,(소재기본)
도구그룹,중간정산,70,ELIGIBLE,140,중간,,(소재기본)
도구그룹,건설공사표준계약서,70,ELIGIBLE,140,높음,,https://toesahero.com/resignation-letter
도구그룹,일용근로계약서양식,70,ELIGIBLE,130,중간,70,(소재기본)
도구그룹,단시간근로계약서,70,ELIGIBLE,130,높음,70,(소재기본)
도구그룹,해고서면통지,70,ELIGIBLE,130,높음,70,(소재기본)
도구그룹,시간외수당계산,70,ELIGIBLE,130,낮음,70,(소재기본)
도구그룹,일용직급여대장,70,ELIGIBLE,130,높음,70,(소재기본)
도구그룹,연차관리대장엑셀,70,ELIGIBLE,130,중간,70,(소재기본)
도구그룹,근로자소득세,70,ELIGIBLE,130,높음,70,(소재기본)
도구그룹,근로자확인서,70,ELIGIBLE,130,높음,70,(소재기본)
도구그룹,산업재해보험,70,ELIGIBLE,130,높음,,(소재기본)
도구그룹,산재예방계획서,70,ELIGIBLE,130,높음,,(소재기본)
도구그룹,근로계약서다운로드,70,ELIGIBLE,120,중간,70,(소재기본)
도구그룹,급여계산방법,70,ELIGIBLE,120,높음,70,(소재기본)
도구그룹,예상퇴직금확인서양식,70,ELIGIBLE,120,중간,70,(소재기본)
도구그룹,퇴직금현금지급,70,ELIGIBLE,120,높음,70,(소재기본)
도구그룹,일용직급여계산,70,ELIGIBLE,120,높음,70,(소재기본)
도구그룹,연차촉진제도양식,70,ELIGIBLE,120,높음,70,(소재기본)
도구그룹,연차사용확인서,70,ELIGIBLE,120,높음,70,(소재기본)
도구그룹,초과근무수당계산,70,ELIGIBLE,120,낮음,70,(소재기본)
도구그룹,실업급여당일지급,70,ELIGIBLE,120,중간,70,(소재기본)
도구그룹,퇴사확인서양식,70,ELIGIBLE,120,중간,70,(소재기본)
도구그룹,사직서쓰는방법,70,ELIGIBLE,120,높음,70,https://toesahero.com/resignation-letter
도구그룹,급여일할계산방법,70,ELIGIBLE,120,낮음,,https://toesahero.com/calc
도구그룹,모바일근로계약서,70,ELIGIBLE,110,높음,70,(소재기본)
도구그룹,기간제근로계약서,70,ELIGIBLE,110,높음,70,(소재기본)
도구그룹,인턴근로계약서,70,ELIGIBLE,110,높음,70,(소재기본)
도구그룹,수당종류,70,ELIGIBLE,110,중간,70,(소재기본)
도구그룹,퇴직급여추계액,70,ELIGIBLE,110,높음,70,(소재기본)
도구그룹,연차사용촉진양식,70,ELIGIBLE,110,높음,70,(소재기본)
도구그룹,월급명세표,70,ELIGIBLE,110,높음,70,(소재기본)
도구그룹,사직서양식다운,70,ELIGIBLE,110,높음,70,https://toesahero.com/resignation-letter
도구그룹,공무원사직서,70,ELIGIBLE,110,높음,70,https://toesahero.com/resignation-letter
도구그룹,미사용연차수당계산,70,ELIGIBLE,110,낮음,70,https://toesahero.com/calc
도구그룹,휴일근로수당계산기,70,ELIGIBLE,110,낮음,,(소재기본)
도구그룹,급여지급내역서,70,ELIGIBLE,110,높음,,(소재기본)
도구그룹,휴업급여계산,70,ELIGIBLE,110,낮음,,https://toesahero.com/calc
도구그룹,퇴직금양식,70,ELIGIBLE,100,중간,70,(소재기본)
도구그룹,급여계산법,70,ELIGIBLE,100,높음,70,(소재기본)
도구그룹,임원퇴직금규정,70,ELIGIBLE,100,높음,70,(소재기본)
도구그룹,월별급여명세표,70,ELIGIBLE,100,높음,70,(소재기본)
도구그룹,연차엑셀,70,ELIGIBLE,100,높음,70,(소재기본)
도구그룹,연차사용대장,70,ELIGIBLE,100,높음,70,(소재기본)
도구그룹,월급계산방법,70,ELIGIBLE,100,낮음,70,(소재기본)
도구그룹,주5일근무급여,70,ELIGIBLE,100,낮음,70,(소재기본)
도구그룹,미사용연차,70,ELIGIBLE,100,높음,70,(소재기본)
도구그룹,연차휴가계산,70,ELIGIBLE,100,높음,70,https://toesahero.com/calc
도구그룹,임원퇴직금계산기,70,ELIGIBLE,100,낮음,70,https://toesahero.com/calc
도구그룹,임원퇴직금계산,70,ELIGIBLE,100,낮음,70,https://toesahero.com/calc
도구그룹,산재사망사고,70,ELIGIBLE,100,높음,,(소재기본)
도구그룹,산재보험처리,70,ELIGIBLE,100,높음,,(소재기본)
도구그룹,건설일용직근로계약서,70,ELIGIBLE,100,높음,,(소재기본)
도구그룹,퇴직금산정서,70,ELIGIBLE,100,중간,,(소재기본)
도구그룹,근로자파견업,70,ELIGIBLE,100,높음,,(소재기본)
도구그룹,휴업급여신청서,70,ELIGIBLE,100,높음,,(소재기본)
도구그룹,온라인근로계약서,70,ELIGIBLE,90,중간,70,(소재기본)
도구그룹,근로계약서쓰는법,70,ELIGIBLE,90,높음,70,(소재기본)
도구그룹,임원근로계약서,70,ELIGIBLE,90,높음,70,(소재기본)
도구그룹,경영상해고,70,ELIGIBLE,90,높음,70,(소재기본)
도구그룹,퇴직금문의,70,ELIGIBLE,90,높음,70,(소재기본)
도구그룹,근로자계약서,70,ELIGIBLE,90,높음,70,(소재기본)
도구그룹,급여계산엑셀,70,ELIGIBLE,90,높음,70,(소재기본)
도구그룹,급여명세표양식,70,ELIGIBLE,90,높음,70,(소재기본)
도구그룹,울산산재,70,ELIGIBLE,90,높음,70,(소재기본)
도구그룹,급여인상률,70,ELIGIBLE,90,낮음,70,(소재기본)
도구그룹,급여세금계산,70,ELIGIBLE,90,높음,70,(소재기본)
도구그룹,급여명세서엑셀,70,ELIGIBLE,90,높음,70,(소재기본)
도구그룹,실업급여워크넷구직신청,70,ELIGIBLE,90,중간,70,(소재기본)
도구그룹,자영업자실업급여신청방법,70,ELIGIBLE,90,높음,70,(소재기본)
도구그룹,어린이집사직서,70,ELIGIBLE,90,중간,70,https://toesahero.com/resignation-letter
도구그룹,비례연차계산,70,ELIGIBLE,90,낮음,70,https://toesahero.com/calc
도구그룹,회계일기준연차계산기,70,ELIGIBLE,90,낮음,70,https://toesahero.com/calc
도구그룹,회계연도연차계산기,70,ELIGIBLE,90,낮음,70,https://toesahero.com/calc
도구그룹,특수고용직산재보험,70,ELIGIBLE,90,높음,,(소재기본)
도구그룹,안전보험,70,ELIGIBLE,90,높음,,(소재기본)
도구그룹,군무원징계,70,ELIGIBLE,90,높음,,(소재기본)
도구그룹,파견근로자,70,ELIGIBLE,90,높음,,(소재기본)
도구그룹,급여명세서무료양식,70,ELIGIBLE,90,높음,,(소재기본)
도구그룹,근로계약서예시,70,ELIGIBLE,80,높음,70,(소재기본)
도구그룹,표준근로계약서양식무료,70,ELIGIBLE,80,중간,70,(소재기본)
도구그룹,노동법원,70,ELIGIBLE,80,중간,70,(소재기본)
도구그룹,식대통상임금,70,ELIGIBLE,80,낮음,70,(소재기본)
도구그룹,해고통지,70,ELIGIBLE,80,높음,70,(소재기본)
도구그룹,급여명세서소득세,70,ELIGIBLE,80,높음,70,(소재기본)
도구그룹,입사일기준연차,70,ELIGIBLE,80,높음,70,(소재기본)
도구그룹,연차사용신청서,70,ELIGIBLE,80,높음,70,(소재기본)
도구그룹,실업급여타는방법,70,ELIGIBLE,80,높음,70,(소재기본)
도구그룹,실업급여대상확인,70,ELIGIBLE,80,중간,70,(소재기본)
도구그룹,사직서양식엑셀,70,ELIGIBLE,80,중간,70,https://toesahero.com/resignation-letter
도구그룹,식당근로계약서,70,ELIGIBLE,80,높음,,(소재기본)
도구그룹,고용보험료정산,70,ELIGIBLE,80,높음,,(소재기본)
도구그룹,특고고용보험,70,ELIGIBLE,80,높음,,(소재기본)
도구그룹,퇴직사유서,70,ELIGIBLE,80,중간,,(소재기본)
도구그룹,채용내정취소,70,ELIGIBLE,80,높음,,(소재기본)
도구그룹,가족돌봄휴직신청서,70,ELIGIBLE,80,높음,,(소재기본)
도구그룹,DC형퇴직연금계산,70,ELIGIBLE,80,낮음,,(소재기본)
도구그룹,근로계약서작성법,70,ELIGIBLE,70,높음,70,(소재기본)
도구그룹,일일근로계약서,70,ELIGIBLE,70,높음,70,(소재기본)
도구그룹,시간제근로계약서,70,ELIGIBLE,70,높음,70,(소재기본)
도구그룹,수습기간급여계산,70,ELIGIBLE,70,낮음,70,(소재기본)
도구그룹,퇴직연금비교,70,ELIGIBLE,70,높음,70,(소재기본)
도구그룹,임금계약서,70,ELIGIBLE,70,높음,70,(소재기본)
도구그룹,포괄임금근로계약서,70,ELIGIBLE,70,높음,70,(소재기본)
도구그룹,회계일기준연차,70,ELIGIBLE,70,높음,70,(소재기본)
도구그룹,근로자연차,70,ELIGIBLE,70,높음,70,(소재기본)
도구그룹,급여명세서항목,70,ELIGIBLE,70,높음,70,(소재기본)
도구그룹,초과수당계산,70,ELIGIBLE,70,낮음,70,(소재기본)
도구그룹,실업급여조건6개월,70,ELIGIBLE,70,중간,70,(소재기본)
도구그룹,실업급여타는법,70,ELIGIBLE,70,중간,70,(소재기본)
도구그룹,실업급여신청은어디서,70,ELIGIBLE,70,높음,70,(소재기본)
도구그룹,실업급여연장방법,70,ELIGIBLE,70,높음,70,(소재기본)
도구그룹,사직서작성,70,ELIGIBLE,70,높음,70,https://toesahero.com/resignation-letter
도구그룹,잔여연차계산,70,ELIGIBLE,70,낮음,70,https://toesahero.com/calc
도구그룹,중도입사자연차계산,70,ELIGIBLE,70,낮음,70,https://toesahero.com/calc
도구그룹,월별급여명세서,70,ELIGIBLE,70,높음,,(소재기본)
도구그룹,산업재해사망,70,ELIGIBLE,70,높음,,(소재기본)
도구그룹,특수고용직고용보험,70,ELIGIBLE,70,높음,,(소재기본)
도구그룹,4대보험교육,70,ELIGIBLE,70,높음,,(소재기본)
도구그룹,교통사고경위서,70,ELIGIBLE,70,높음,,(소재기본)
도구그룹,산재사고경위서,70,ELIGIBLE,70,높음,,(소재기본)
도구그룹,사건경위서양식,70,ELIGIBLE,70,높음,,(소재기본)
도구그룹,인력파견업,70,ELIGIBLE,70,높음,,(소재기본)
도구그룹,악성중피종산재,70,ELIGIBLE,70,높음,,(소재기본)
도구그룹,산재직업훈련,70,ELIGIBLE,70,높음,,(소재기본)
도구그룹,장해급여청구서,70,ELIGIBLE,70,높음,,(소재기본)
도구그룹,퇴직연금DC형계산기,70,ELIGIBLE,70,낮음,,(소재기본)
도구그룹,DC형퇴직금계산기,70,ELIGIBLE,70,낮음,,https://toesahero.com/calc
도구그룹,증권사퇴직연금,70,ELIGIBLE,70,높음,,(소재기본)
도구그룹,노동조합설립,70,ELIGIBLE,60,높음,70,(소재기본)
도구그룹,임금삭감,70,ELIGIBLE,60,높음,70,(소재기본)
도구그룹,최저임금법위반,70,ELIGIBLE,60,중간,70,(소재기본)
도구그룹,연장근무수당계산기,70,ELIGIBLE,60,낮음,70,(소재기본)
도구그룹,중도퇴사자급여계산,70,ELIGIBLE,60,낮음,70,(소재기본)
도구그룹,퇴직금정산법,70,ELIGIBLE,60,높음,70,(소재기본)
도구그룹,평균임금산정내역서,70,ELIGIBLE,60,높음,70,(소재기본)
도구그룹,급여명세서작성,70,ELIGIBLE,60,높음,70,(소재기본)
도구그룹,급여명세서계산,70,ELIGIBLE,60,높음,70,(소재기본)
도구그룹,연차관리엑셀양식,70,ELIGIBLE,60,높음,70,(소재기본)
도구그룹,연차휴가신청서,70,ELIGIBLE,60,높음,70,(소재기본)
도구그룹,3교대급여,70,ELIGIBLE,60,중간,70,(소재기본)
도구그룹,공동연차,70,ELIGIBLE,60,낮음,70,(소재기본)
도구그룹,급여명세서교부,70,ELIGIBLE,60,높음,70,(소재기본)
도구그룹,급여봉투,70,ELIGIBLE,60,높음,70,(소재기본)
도구그룹,법인대표급여,70,ELIGIBLE,60,높음,70,(소재기본)
도구그룹,일용직급여명세서서식,70,ELIGIBLE,60,중간,70,(소재기본)
도구그룹,휴일근로수당계산,70,ELIGIBLE,60,낮음,70,(소재기본)
도구그룹,휴일근무수당계산기,70,ELIGIBLE,60,낮음,70,(소재기본)
도구그룹,급여명세서양식다운로드,70,ELIGIBLE,60,높음,70,(소재기본)
도구그룹,퇴직금계산양식,70,ELIGIBLE,60,높음,70,https://toesahero.com/calc
도구그룹,퇴직금계산기엑셀,70,ELIGIBLE,60,높음,70,https://toesahero.com/calc
도구그룹,퇴직금계산엑셀,70,ELIGIBLE,60,낮음,70,https://toesahero.com/calc
도구그룹,연차계산방법,70,ELIGIBLE,60,높음,70,https://toesahero.com/calc
도구그룹,근로계약서교부확인서,70,ELIGIBLE,50,높음,70,(소재기본)
도구그룹,사업소득자근로계약서,70,ELIGIBLE,50,중간,70,(소재기본)
도구그룹,초단시간근로계약서,70,ELIGIBLE,50,높음,70,(소재기본)
도구그룹,포괄근로계약서,70,ELIGIBLE,50,높음,70,(소재기본)
도구그룹,노동법교육,70,ELIGIBLE,50,높음,70,(소재기본)
도구그룹,연봉근로계약서,70,ELIGIBLE,50,높음,70,(소재기본)
도구그룹,급여계산기엑셀,70,ELIGIBLE,50,낮음,70,(소재기본)
도구그룹,갑종근로소득세율,70,ELIGIBLE,50,중간,70,(소재기본)
도구그룹,퇴직금지급명세서양식,70,ELIGIBLE,50,높음,70,(소재기본)
도구그룹,퇴직금명세서양식,70,ELIGIBLE,50,높음,70,(소재기본)
도구그룹,퇴직금지급신청서,70,ELIGIBLE,50,높음,70,(소재기본)
도구그룹,시급제퇴직금,70,ELIGIBLE,50,높음,70,(소재기본)
도구그룹,퇴직금관련문의,70,ELIGIBLE,50,높음,70,(소재기본)
도구그룹,연차휴가일수,70,ELIGIBLE,50,높음,70,(소재기본)
도구그룹,급여산정,70,ELIGIBLE,50,낮음,70,(소재기본)
도구그룹,급여정산,70,ELIGIBLE,50,낮음,70,(소재기본)
도구그룹,연차발생일수,70,ELIGIBLE,50,높음,70,(소재기본)
도구그룹,연차사용촉진안내문,70,ELIGIBLE,50,높음,70,(소재기본)
도구그룹,연차촉진공문,70,ELIGIBLE,50,높음,70,(소재기본)
도구그룹,인사급여실무,70,ELIGIBLE,50,중간,70,(소재기본)
도구그룹,일용직급여세금,70,ELIGIBLE,50,높음,70,(소재기본)
도구그룹,일일급여계산,70,ELIGIBLE,50,낮음,70,(소재기본)
도구그룹,평균급여계산,70,ELIGIBLE,50,높음,70,(소재기본)
도구그룹,서초근로복지공단,70,ELIGIBLE,50,낮음,70,(소재기본)
도구그룹,기준임금,70,ELIGIBLE,50,높음,70,(소재기본)
도구그룹,실업급여1차신청,70,ELIGIBLE,50,중간,70,(소재기본)
도구그룹,실업급여신청시필요한서류,70,ELIGIBLE,50,중간,70,(소재기본)
도구그룹,회계연도기준연차계산기,70,ELIGIBLE,50,낮음,70,https://toesahero.com/calc
도구그룹,연차계산엑셀,70,ELIGIBLE,50,중간,70,https://toesahero.com/calc
도구그룹,근로계약서다운,70,ELIGIBLE,40,높음,70,(소재기본)
도구그룹,단기근로자근로계약서,70,ELIGIBLE,40,높음,70,(소재기본)
도구그룹,대체인력근로계약서,70,ELIGIBLE,40,높음,70,(소재기본)
도구그룹,사업소득근로계약서,70,ELIGIBLE,40,높음,70,(소재기본)
도구그룹,연봉제근로계약서,70,ELIGIBLE,40,높음,70,(소재기본)
도구그룹,육아휴직근로계약서,70,ELIGIBLE,40,높음,70,(소재기본)
도구그룹,음식점근로계약서,70,ELIGIBLE,40,높음,70,(소재기본)
도구그룹,퇴직감사장,70,ELIGIBLE,40,높음,70,(소재기본)
도구그룹,간호사직무기술서,70,ELIGIBLE,40,높음,70,(소재기본)
도구그룹,급여규정,70,ELIGIBLE,40,높음,70,(소재기본)
도구그룹,시간제근로자,70,ELIGIBLE,40,높음,70,(소재기본)
도구그룹,대전산재,70,ELIGIBLE,40,높음,70,(소재기본)
도구그룹,대전노동위원회,70,ELIGIBLE,40,낮음,70,(소재기본)
도구그룹,연차수당계정과목,70,ELIGIBLE,40,높음,70,(소재기본)
도구그룹,출납수당,70,ELIGIBLE,40,높음,70,(소재기본)
도구그룹,요식업근로계약서,70,ELIGIBLE,40,높음,70,(소재기본)
도구그룹,퇴직금지급확인서양식,70,ELIGIBLE,40,높음,70,(소재기본)
도구그룹,퇴직금예상확인서,70,ELIGIBLE,40,높음,70,(소재기본)
도구그룹,퇴직연금수령금액,70,ELIGIBLE,40,높음,70,(소재기본)
도구그룹,포괄임금계약서,70,ELIGIBLE,40,높음,70,(소재기본)
도구그룹,급여관리엑셀,70,ELIGIBLE,40,높음,70,(소재기본)
도구그룹,급여업무,70,ELIGIBLE,40,높음,70,(소재기본)
도구그룹,연차휴가관리대장,70,ELIGIBLE,40,높음,70,(소재기본)
도구그룹,중도퇴사자연차수당,70,ELIGIBLE,40,높음,70,(소재기본)
도구그룹,교대근무급여계산기,70,ELIGIBLE,40,낮음,70,(소재기본)
도구그룹,연차일수산정,70,ELIGIBLE,40,높음,70,(소재기본)
도구그룹,경업금지약정,70,ELIGIBLE,40,높음,70,(소재기본)
도구그룹,고용노동부지정교육기관,70,ELIGIBLE,40,높음,70,(소재기본)
도구그룹,실업급여날짜확인,70,ELIGIBLE,40,높음,70,(소재기본)
도구그룹,실업급여신청고용센터,70,ELIGIBLE,40,중간,70,(소재기본)
도구그룹,실업급여연기신청,70,ELIGIBLE,40,중간,70,(소재기본)
도구그룹,공무원사직서양식,70,ELIGIBLE,40,중간,70,https://toesahero.com/resignation-letter
도구그룹,권고사직서양식다운,70,ELIGIBLE,40,높음,70,https://toesahero.com/resignation-letter
도구그룹,사직서견본,70,ELIGIBLE,40,높음,70,https://toesahero.com/resignation-letter
도구그룹,사직서퇴직금,70,ELIGIBLE,40,높음,70,https://toesahero.com/resignation-letter
도구그룹,연차갯수계산기,70,ELIGIBLE,40,낮음,70,https://toesahero.com/calc
도구그룹,입사일기준연차계산기,70,ELIGIBLE,40,낮음,70,https://toesahero.com/calc
도구그룹,퇴사자연차계산,70,ELIGIBLE,40,낮음,70,https://toesahero.com/calc
도구그룹,기간제근로계약서양식,70,ELIGIBLE,30,높음,70,(소재기본)
도구그룹,단기계약직근로계약서,70,ELIGIBLE,30,높음,70,(소재기본)
도구그룹,단시간근로계약서양식,70,ELIGIBLE,30,높음,70,(소재기본)
도구그룹,표준근로계약서엑셀,70,ELIGIBLE,30,높음,70,(소재기본)
도구그룹,근로계약서양식무료,70,ELIGIBLE,30,중간,70,(소재기본)
도구그룹,퇴사양식,70,ELIGIBLE,30,높음,70,(소재기본)
도구그룹,급여명세,70,ELIGIBLE,30,높음,70,(소재기본)
도구그룹,급여표,70,ELIGIBLE,30,높음,70,(소재기본)
도구그룹,노동법퇴사,70,ELIGIBLE,30,높음,70,(소재기본)
도구그룹,근로기준법위반사례,70,ELIGIBLE,30,높음,70,(소재기본)
도구그룹,야간수당계산방법,70,ELIGIBLE,30,낮음,70,(소재기본)
도구그룹,연차수당명세서,70,ELIGIBLE,30,높음,70,(소재기본)
도구그룹,월차수당지급기준,70,ELIGIBLE,30,높음,70,(소재기본)
도구그룹,일용직연장수당,70,ELIGIBLE,30,높음,70,(소재기본)
도구그룹,통상임금산정,70,ELIGIBLE,30,높음,70,(소재기본)
도구그룹,퇴직금중간정산확인서,70,ELIGIBLE,30,중간,70,(소재기본)
도구그룹,퇴직금중도정산신청서,70,ELIGIBLE,30,높음,70,(소재기본)
도구그룹,퇴직금신청서,70,ELIGIBLE,30,높음,70,(소재기본)
도구그룹,퇴직금정산서양식,70,ELIGIBLE,30,높음,70,(소재기본)
도구그룹,퇴직금지급합의서,70,ELIGIBLE,30,높음,70,(소재기본)
도구그룹,급여엑셀,70,ELIGIBLE,30,높음,70,(소재기본)
도구그룹,급여명세서무료,70,ELIGIBLE,30,높음,70,(소재기본)
도구그룹,급여수당,70,ELIGIBLE,30,높음,70,(소재기본)
도구그룹,급여관리대장,70,ELIGIBLE,30,높음,70,(소재기본)
도구그룹,엑셀급여대장,70,ELIGIBLE,30,높음,70,(소재기본)
도구그룹,동두천근로복지공단,70,ELIGIBLE,30,낮음,70,(소재기본)
도구그룹,실업급여부정수급공모,70,ELIGIBLE,30,중간,70,(소재기본)
도구그룹,혈액암산재,70,ELIGIBLE,30,높음,70,(소재기본)
도구그룹,연차회계일기준,70,ELIGIBLE,30,높음,70,(소재기본)
도구그룹,연차사용촉진공문,70,ELIGIBLE,30,높음,70,(소재기본)
도구그룹,근로기준법연차발생기준,70,ELIGIBLE,30,높음,70,(소재기본)
도구그룹,근로기준법연차일수,70,ELIGIBLE,30,높음,70,(소재기본)
도구그룹,급여어플,70,ELIGIBLE,30,높음,70,(소재기본)
도구그룹,소정근로시간계산기,70,ELIGIBLE,30,낮음,70,(소재기본)
도구그룹,연차정리,70,ELIGIBLE,30,높음,70,(소재기본)
도구그룹,계약직급여계산,70,ELIGIBLE,30,낮음,70,(소재기본)
도구그룹,급여간이세액표,70,ELIGIBLE,30,높음,70,(소재기본)
도구그룹,급여계산하는법,70,ELIGIBLE,30,낮음,70,(소재기본)
도구그룹,급여역산,70,ELIGIBLE,30,낮음,70,(소재기본)
도구그룹,급여지급내역서양식,70,ELIGIBLE,30,높음,70,(소재기본)
도구그룹,시간제급여,70,ELIGIBLE,30,높음,70,(소재기본)
도구그룹,연차지급시기,70,ELIGIBLE,30,높음,70,(소재기본)
도구그룹,연차확인,70,ELIGIBLE,30,높음,70,(소재기본)
도구그룹,월급급여명세서,70,ELIGIBLE,30,높음,70,(소재기본)
도구그룹,일용근로자소득세계산,70,ELIGIBLE,30,높음,70,(소재기본)
도구그룹,일용직월급,70,ELIGIBLE,30,높음,70,(소재기본)
도구그룹,직원급여명세서,70,ELIGIBLE,30,높음,70,(소재기본)
도구그룹,회사급여명세서,70,ELIGIBLE,30,높음,70,(소재기본)
도구그룹,근로자법정교육,70,ELIGIBLE,30,높음,70,(소재기본)
도구그룹,근속수당통상임금,70,ELIGIBLE,30,중간,70,(소재기본)
도구그룹,간호사직무교육,70,ELIGIBLE,30,높음,70,(소재기본)
도구그룹,고용노동부인증기관,70,ELIGIBLE,30,높음,70,(소재기본)
도구그룹,실업급여모바일,70,ELIGIBLE,30,중간,70,(소재기본)
도구그룹,실업급여신청조건확인,70,ELIGIBLE,30,높음,70,(소재기본)
도구그룹,실업급여어디서,70,ELIGIBLE,30,높음,70,(소재기본)
도구그룹,경업금지가처분,70,ELIGIBLE,30,높음,70,(소재기본)
도구그룹,영문사직서,70,ELIGIBLE,30,높음,70,https://toesahero.com/resignation-letter
도구그룹,표준사직서양식,70,ELIGIBLE,30,높음,70,https://toesahero.com/resignation-letter
도구그룹,사직서무료,70,ELIGIBLE,30,중간,70,https://toesahero.com/resignation-letter
도구그룹,명예퇴직금계산,70,ELIGIBLE,30,낮음,70,https://toesahero.com/calc
도구그룹,회계년도기준연차계산,70,ELIGIBLE,30,높음,70,https://toesahero.com/calc
도구그룹,회계년도기준연차계산기,70,ELIGIBLE,30,높음,70,https://toesahero.com/calc
도구그룹,연차자동계산,70,ELIGIBLE,30,높음,70,https://toesahero.com/calc
도구그룹,엑셀연차계산,70,ELIGIBLE,30,중간,70,https://toesahero.com/calc
도구그룹,연차사용계산기,70,ELIGIBLE,30,낮음,70,https://toesahero.com/calc
도구그룹,연차자동계산기,70,ELIGIBLE,30,낮음,70,https://toesahero.com/calc
도구그룹,남은연차계산,70,ELIGIBLE,30,낮음,70,https://toesahero.com/calc
도구그룹,근로계약서전자,70,ELIGIBLE,20,높음,70,(소재기본)
도구그룹,근로계약서전자계약,70,ELIGIBLE,20,높음,70,(소재기본)
도구그룹,명예퇴직원,70,ELIGIBLE,20,높음,70,(소재기본)
도구그룹,사직권고장,70,ELIGIBLE,20,중간,70,(소재기본)
도구그룹,퇴직금지급조서,70,ELIGIBLE,20,높음,70,(소재기본)
도구그룹,5인이상근로계약서,70,ELIGIBLE,20,중간,70,(소재기본)
도구그룹,전자근로계약서양식,70,ELIGIBLE,20,중간,70,(소재기본)
도구그룹,전자근로계약서작성,70,ELIGIBLE,20,높음,70,(소재기본)
도구그룹,퇴직금서식,70,ELIGIBLE,20,높음,70,(소재기본)
도구그룹,퇴직금지급양식,70,ELIGIBLE,20,높음,70,(소재기본)
도구그룹,명예퇴직사유,70,ELIGIBLE,20,중간,70,(소재기본)
도구그룹,5인미만근로계약서양식,70,ELIGIBLE,20,높음,70,(소재기본)
도구그룹,건설업근로계약서,70,ELIGIBLE,20,높음,70,(소재기본)
도구그룹,건설현장근로계약서,70,ELIGIBLE,20,높음,70,(소재기본)
도구그룹,경비원근로계약서,70,ELIGIBLE,20,높음,70,(소재기본)
도구그룹,교대근무근로계약서,70,ELIGIBLE,20,중간,70,(소재기본)
도구그룹,근로계약서견본,70,ELIGIBLE,20,높음,70,(소재기본)
도구그룹,근로계약서관리,70,ELIGIBLE,20,중간,70,(소재기본)
도구그룹,근로계약서교부대장,70,ELIGIBLE,20,높음,70,(소재기본)
도구그룹,근로계약서무료다운,70,ELIGIBLE,20,높음,70,(소재기본)
도구그룹,근로복지공단근로계약서,70,ELIGIBLE,20,중간,70,(소재기본)
도구그룹,근로자파견근로계약서,70,ELIGIBLE,20,높음,70,(소재기본)
도구그룹,기본근로계약서,70,ELIGIBLE,20,중간,70,(소재기본)
도구그룹,단기간근로계약서양식,70,ELIGIBLE,20,높음,70,(소재기본)
도구그룹,대기업근로계약서,70,ELIGIBLE,20,높음,70,(소재기본)
도구그룹,도급근로계약서,70,ELIGIBLE,20,중간,70,(소재기본)
도구그룹,무료표준근로계약서양식,70,ELIGIBLE,20,높음,70,(소재기본)
도구그룹,비상근근로계약서,70,ELIGIBLE,20,높음,70,(소재기본)
도구그룹,선원근로계약서,70,ELIGIBLE,20,높음,70,(소재기본)
도구그룹,요식업근로계약서양식,70,ELIGIBLE,20,높음,70,(소재기본)
도구그룹,제조업근로계약서,70,ELIGIBLE,20,높음,70,(소재기본)
도구그룹,조리사근로계약서,70,ELIGIBLE,20,낮음,70,(소재기본)
도구그룹,포괄연봉제근로계약서,70,ELIGIBLE,20,높음,70,(소재기본)
도구그룹,표준근로계약서무료양식,70,ELIGIBLE,20,높음,70,(소재기본)
도구그룹,고용노동부근로자명부,70,ELIGIBLE,20,중간,70,(소재기본)
도구그룹,사내근로복지기금협의회회의록,70,ELIGIBLE,20,중간,70,(소재기본)
도구그룹,외국인근로자명부,70,ELIGIBLE,20,높음,70,(소재기본)
도구그룹,인사급여,70,ELIGIBLE,20,높음,70,(소재기본)
도구그룹,인사급여관리,70,ELIGIBLE,20,높음,70,(소재기본)
도구그룹,퇴사신청서양식,70,ELIGIBLE,20,중간,70,(소재기본)
도구그룹,퇴사안내문,70,ELIGIBLE,20,높음,70,(소재기본)
도구그룹,퇴사품의서,70,ELIGIBLE,20,높음,70,(소재기본)
도구그룹,퇴직관련서류,70,ELIGIBLE,20,높음,70,(소재기본)
도구그룹,퇴직규정,70,ELIGIBLE,20,높음,70,(소재기본)
도구그룹,희망퇴직서,70,ELIGIBLE,20,높음,70,(소재기본)
도구그룹,급여결정통지서,70,ELIGIBLE,20,높음,70,(소재기본)
도구그룹,급여기안서,70,ELIGIBLE,20,높음,70,(소재기본)
도구그룹,급여변경신청서,70,ELIGIBLE,20,높음,70,(소재기본)
도구그룹,급여사실확인서,70,ELIGIBLE,20,높음,70,(소재기본)
도구그룹,급여세부내역,70,ELIGIBLE,20,높음,70,(소재기본)
도구그룹,급여위임장,70,ELIGIBLE,20,높음,70,(소재기본)
도구그룹,급여인상양식,70,ELIGIBLE,20,낮음,70,(소재기본)
도구그룹,급여지급신청서,70,ELIGIBLE,20,높음,70,(소재기본)
도구그룹,회사인수인계서,70,ELIGIBLE,20,중간,70,(소재기본)
도구그룹,무료근로계약서,70,ELIGIBLE,20,높음,70,(소재기본)
도구그룹,퇴사의사표시,70,ELIGIBLE,20,중간,70,(소재기본)
도구그룹,임금체계컨설팅,70,ELIGIBLE,20,높음,70,(소재기본)
도구그룹,임금컨설팅,70,ELIGIBLE,20,높음,70,(소재기본)
도구그룹,산재연금인상,70,ELIGIBLE,20,중간,70,(소재기본)
도구그룹,근로계약서자문,70,ELIGIBLE,20,높음,70,(소재기본)
도구그룹,퇴직금미수령,70,ELIGIBLE,20,높음,70,(소재기본)
도구그룹,급여관리엑셀시트,70,ELIGIBLE,20,낮음,70,(소재기본)
도구그룹,시간외수당계산법,70,ELIGIBLE,20,낮음,70,(소재기본)
도구그룹,심야수당계산법,70,ELIGIBLE,20,낮음,70,(소재기본)
도구그룹,연봉제연차수당,70,ELIGIBLE,20,높음,70,(소재기본)
도구그룹,연월차수당계산법,70,ELIGIBLE,20,낮음,70,(소재기본)
도구그룹,연차수당신청서,70,ELIGIBLE,20,높음,70,(소재기본)
도구그룹,임금계산방법,70,ELIGIBLE,20,낮음,70,(소재기본)
도구그룹,임금계산법,70,ELIGIBLE,20,낮음,70,(소재기본)
도구그룹,임금삭감의범위,70,ELIGIBLE,20,낮음,70,(소재기본)
도구그룹,최저임금포함수당,70,ELIGIBLE,20,높음,70,(소재기본)
도구그룹,통상임금제외수당,70,ELIGIBLE,20,높음,70,(소재기본)
도구그룹,시급급여계산,70,ELIGIBLE,20,낮음,70,(소재기본)
도구그룹,시급급여대장,70,ELIGIBLE,20,높음,70,(소재기본)
도구그룹,개인형퇴직연금IRP추천,70,ELIGIBLE,20,높음,70,(소재기본)
도구그룹,급여대장계산기,70,ELIGIBLE,20,낮음,70,(소재기본)
도구그룹,퇴직금신청서양식,70,ELIGIBLE,20,높음,70,(소재기본)
도구그룹,퇴직금액증명서,70,ELIGIBLE,20,높음,70,(소재기본)
도구그룹,퇴직금정산신청서,70,ELIGIBLE,20,높음,70,(소재기본)
도구그룹,퇴직금정산양식,70,ELIGIBLE,20,높음,70,(소재기본)
도구그룹,개인급여대장,70,ELIGIBLE,20,높음,70,(소재기본)
도구그룹,급여계산사이트,70,ELIGIBLE,20,중간,70,(소재기본)
도구그룹,급여명세서작성법,70,ELIGIBLE,20,높음,70,(소재기본)
도구그룹,급여설계,70,ELIGIBLE,20,높음,70,(소재기본)
도구그룹,급여수당종류,70,ELIGIBLE,20,높음,70,(소재기본)
도구그룹,급여양식,70,ELIGIBLE,20,높음,70,(소재기본)
도구그룹,급여인상제안서,70,ELIGIBLE,20,높음,70,(소재기본)
도구그룹,생산직급여계산,70,ELIGIBLE,20,낮음,70,(소재기본)
도구그룹,인사노무급여관리실무,70,ELIGIBLE,20,높음,70,(소재기본)
도구그룹,임금계산서,70,ELIGIBLE,20,높음,70,(소재기본)
도구그룹,퇴직급여계산법,70,ELIGIBLE,20,낮음,70,(소재기본)
도구그룹,퇴직금중간정산요청서,70,ELIGIBLE,20,높음,70,(소재기본)
도구그룹,퇴직금중간신청서,70,ELIGIBLE,20,높음,70,(소재기본)
도구그룹,직원급여관리대장,70,ELIGIBLE,20,낮음,70,(소재기본)
도구그룹,법정퇴직금지급의무자,70,ELIGIBLE,20,낮음,70,(소재기본)
도구그룹,퇴직금관리규정,70,ELIGIBLE,20,낮음,70,(소재기본)
도구그룹,퇴직금산정명세서,70,ELIGIBLE,20,높음,70,(소재기본)
도구그룹,퇴직금적립방법,70,ELIGIBLE,20,높음,70,(소재기본)
도구그룹,퇴직금정산합의서,70,ELIGIBLE,20,높음,70,(소재기본)
도구그룹,퇴직금지급영수증,70,ELIGIBLE,20,높음,70,(소재기본)
도구그룹,퇴직연금가입대상,70,ELIGIBLE,20,높음,70,(소재기본)
도구그룹,퇴직연금가입자격,70,ELIGIBLE,20,높음,70,(소재기본)
도구그룹,퇴직연금가입하기,70,ELIGIBLE,20,높음,70,(소재기본)
도구그룹,퇴직연금규정,70,ELIGIBLE,20,높음,70,(소재기본)
도구그룹,해고수당회계처리,70,ELIGIBLE,20,중간,70,(소재기본)
도구그룹,확정형퇴직연금,70,ELIGIBLE,20,중간,70,(소재기본)
도구그룹,임금명세서작성,70,ELIGIBLE,20,높음,70,(소재기본)
도구그룹,급여자동계산기,70,ELIGIBLE,20,높음,70,(소재기본)
도구그룹,엑셀급여,70,ELIGIBLE,20,높음,70,(소재기본)
도구그룹,직원급여계산,70,ELIGIBLE,20,높음,70,(소재기본)
도구그룹,급여명세서메일,70,ELIGIBLE,20,높음,70,(소재기본)
도구그룹,무료급여명세서,70,ELIGIBLE,20,높음,70,(소재기본)
도구그룹,직원급여관리,70,ELIGIBLE,20,높음,70,(소재기본)
도구그룹,노동조합가입신청서,70,ELIGIBLE,20,높음,70,(소재기본)
도구그룹,급여계산엑셀파일,70,ELIGIBLE,20,높음,70,(소재기본)
도구그룹,엑셀급여관리,70,ELIGIBLE,20,높음,70,(소재기본)
도구그룹,개인별급여대장,70,ELIGIBLE,20,높음,70,(소재기본)
도구그룹,급여계산서식,70,ELIGIBLE,20,높음,70,(소재기본)
도구그룹,급여명세서관리,70,ELIGIBLE,20,높음,70,(소재기본)
도구그룹,급여파일,70,ELIGIBLE,20,높음,70,(소재기본)
도구그룹,시간제급여대장,70,ELIGIBLE,20,높음,70,(소재기본)
도구그룹,월급대장,70,ELIGIBLE,20,높음,70,(소재기본)
도구그룹,직원급여내역서,70,ELIGIBLE,20,높음,70,(소재기본)
도구그룹,직원급여대장,70,ELIGIBLE,20,높음,70,(소재기본)
도구그룹,급여외주,70,ELIGIBLE,20,높음,70,(소재기본)
도구그룹,일용직급여명세표,70,ELIGIBLE,20,높음,70,(소재기본)
도구그룹,월급못받았을때,70,ELIGIBLE,20,높음,70,(소재기본)
도구그룹,월차근로기준법,70,ELIGIBLE,20,높음,70,(소재기본)
도구그룹,최종급여,70,ELIGIBLE,20,높음,70,(소재기본)
도구그룹,입사일기준연차관리,70,ELIGIBLE,20,높음,70,(소재기본)
도구그룹,입사일기준연차정산,70,ELIGIBLE,20,높음,70,(소재기본)
도구그룹,회계년도연차부여,70,ELIGIBLE,20,높음,70,(소재기본)
도구그룹,회계연도기준연차발생,70,ELIGIBLE,20,높음,70,(소재기본)
도구그룹,연차시트,70,ELIGIBLE,20,높음,70,(소재기본)
도구그룹,연차체크,70,ELIGIBLE,20,높음,70,(소재기본)
도구그룹,연차휴가관리표,70,ELIGIBLE,20,높음,70,(소재기본)
도구그룹,회계년도연차관리,70,ELIGIBLE,20,높음,70,(소재기본)
도구그룹,회사연차관리,70,ELIGIBLE,20,높음,70,(소재기본)
도구그룹,직원연차관리,70,ELIGIBLE,20,높음,70,(소재기본)
도구그룹,무료연차관리,70,ELIGIBLE,20,높음,70,(소재기본)
도구그룹,연차휴가관리엑셀,70,ELIGIBLE,20,낮음,70,(소재기본)
도구그룹,회계년도기준연차발생,70,ELIGIBLE,20,높음,70,(소재기본)
도구그룹,연차사용현황,70,ELIGIBLE,20,높음,70,(소재기본)
도구그룹,엑셀연차관리,70,ELIGIBLE,20,높음,70,(소재기본)
도구그룹,연차관리서식,70,ELIGIBLE,20,높음,70,(소재기본)
도구그룹,연차사용관리,70,ELIGIBLE,20,중간,70,(소재기본)
도구그룹,연차엑셀양식,70,ELIGIBLE,20,높음,70,(소재기본)
도구그룹,연차정산서,70,ELIGIBLE,20,높음,70,(소재기본)
도구그룹,연차관리엑셀파일,70,ELIGIBLE,20,높음,70,(소재기본)
도구그룹,연차기록,70,ELIGIBLE,20,높음,70,(소재기본)
도구그룹,연차휴가관리,70,ELIGIBLE,20,높음,70,(소재기본)
도구그룹,연차관리시트,70,ELIGIBLE,20,높음,70,(소재기본)
도구그룹,미사용연차사용촉구서,70,ELIGIBLE,20,높음,70,(소재기본)
도구그룹,년월차수당,70,ELIGIBLE,20,높음,70,(소재기본)
도구그룹,연월차수당계산기,70,ELIGIBLE,20,낮음,70,(소재기본)
도구그룹,2024공무원급여표,70,ELIGIBLE,20,낮음,70,(소재기본)
도구그룹,2024년근로소득간이세액표,70,ELIGIBLE,20,낮음,70,(소재기본)
도구그룹,2024년급여계산기,70,ELIGIBLE,20,낮음,70,(소재기본)
도구그룹,2024년급여대장,70,ELIGIBLE,20,낮음,70,(소재기본)
도구그룹,2024년급여대장양식,70,ELIGIBLE,20,낮음,70,(소재기본)
도구그룹,2024년연차개수,70,ELIGIBLE,20,낮음,70,(소재기본)
도구그룹,2교대급여계산,70,ELIGIBLE,20,낮음,70,(소재기본)
도구그룹,개인급여명세표,70,ELIGIBLE,20,낮음,70,(소재기본)
도구그룹,개인연차관리,70,ELIGIBLE,20,높음,70,(소재기본)
도구그룹,건설일용직급여명세서,70,ELIGIBLE,20,높음,70,(소재기본)
도구그룹,경비급여계산,70,ELIGIBLE,20,낮음,70,(소재기본)
도구그룹,근로소득계산기,70,ELIGIBLE,20,낮음,70,(소재기본)
도구그룹,근로소득세자동계산,70,ELIGIBLE,20,낮음,70,(소재기본)
도구그룹,근로일지,70,ELIGIBLE,20,높음,70,(소재기본)
도구그룹,급여계산하기,70,ELIGIBLE,20,낮음,70,(소재기본)
도구그룹,급여공제계산,70,ELIGIBLE,20,낮음,70,(소재기본)
도구그룹,급여기본급계산,70,ELIGIBLE,20,낮음,70,(소재기본)
도구그룹,급여날짜계산,70,ELIGIBLE,20,낮음,70,(소재기본)
도구그룹,급여명세서메일발송,70,ELIGIBLE,20,높음,70,(소재기본)
도구그룹,급여명세서자동발송,70,ELIGIBLE,20,높음,70,(소재기본)
도구그룹,급여명세서전송,70,ELIGIBLE,20,중간,70,(소재기본)
도구그룹,급여봉투문구,70,ELIGIBLE,20,높음,70,(소재기본)
도구그룹,급여분석,70,ELIGIBLE,20,낮음,70,(소재기본)
도구그룹,급여비율,70,ELIGIBLE,20,높음,70,(소재기본)
도구그룹,급여상세내역,70,ELIGIBLE,20,높음,70,(소재기본)
도구그룹,급여서식,70,ELIGIBLE,20,높음,70,(소재기본)
도구그룹,급여세액,70,ELIGIBLE,20,낮음,70,(소재기본)
도구그룹,급여소급계산,70,ELIGIBLE,20,낮음,70,(소재기본)
도구그룹,급여수당계산,70,ELIGIBLE,20,높음,70,(소재기본)
도구그룹,급여엑셀파일,70,ELIGIBLE,20,높음,70,(소재기본)
도구그룹,급여인사말,70,ELIGIBLE,20,높음,70,(소재기본)
도구그룹,급여인상률계산,70,ELIGIBLE,20,낮음,70,(소재기본)
도구그룹,급여인상사유,70,ELIGIBLE,20,중간,70,(소재기본)
도구그룹,급여인상안,70,ELIGIBLE,20,높음,70,(소재기본)
도구그룹,급여인상율,70,ELIGIBLE,20,높음,70,(소재기본)
도구그룹,급여일계산,70,ELIGIBLE,20,낮음,70,(소재기본)
도구그룹,급여일변경,70,ELIGIBLE,20,높음,70,(소재기본)
도구그룹,급여자동화,70,ELIGIBLE,20,높음,70,(소재기본)
도구그룹,급여정리,70,ELIGIBLE,20,높음,70,(소재기본)
도구그룹,급여정산표,70,ELIGIBLE,20,높음,70,(소재기본)
도구그룹,급여통계,70,ELIGIBLE,20,높음,70,(소재기본)
도구그룹,기본급여계산,70,ELIGIBLE,20,낮음,70,(소재기본)
도구그룹,시간외수당엑셀,70,ELIGIBLE,20,높음,70,(소재기본)
도구그룹,시간외수당지급명세서,70,ELIGIBLE,20,낮음,70,(소재기본)
도구그룹,시급급여명세서,70,ELIGIBLE,20,중간,70,(소재기본)
도구그룹,시급제급여,70,ELIGIBLE,20,높음,70,(소재기본)
도구그룹,시급제급여대장,70,ELIGIBLE,20,중간,70,(소재기본)
도구그룹,엑셀연차,70,ELIGIBLE,20,높음,70,(소재기본)
도구그룹,연간급여대장,70,ELIGIBLE,20,높음,70,(소재기본)
도구그룹,연장근로대장,70,ELIGIBLE,20,높음,70,(소재기본)
도구그룹,연차수당관리,70,ELIGIBLE,20,높음,70,(소재기본)
도구그룹,연차유급휴가부여시기,70,ELIGIBLE,20,낮음,70,(소재기본)
도구그룹,연차휴가발생,70,ELIGIBLE,20,높음,70,(소재기본)
도구그룹,연차휴가사용신청서,70,ELIGIBLE,20,높음,70,(소재기본)
도구그룹,연차휴가실무,70,ELIGIBLE,20,높음,70,(소재기본)
도구그룹,연차휴가양식,70,ELIGIBLE,20,높음,70,(소재기본)
도구그룹,연차휴가엑셀,70,ELIGIBLE,20,높음,70,(소재기본)
도구그룹,월급계산기엑셀,70,ELIGIBLE,20,낮음,70,(소재기본)
도구그룹,월급명세서엑셀,70,ELIGIBLE,20,높음,70,(소재기본)
도구그룹,월급일급계산,70,ELIGIBLE,20,낮음,70,(소재기본)
도구그룹,월급정산,70,ELIGIBLE,20,낮음,70,(소재기본)
도구그룹,일반급여,70,ELIGIBLE,20,중간,70,(소재기본)
도구그룹,일용급여대장,70,ELIGIBLE,20,높음,70,(소재기본)
도구그룹,일용직급여엑셀,70,ELIGIBLE,20,높음,70,(소재기본)
도구그룹,일용직임금대장,70,ELIGIBLE,20,높음,70,(소재기본)
도구그룹,임금대장엑셀양식,70,ELIGIBLE,20,높음,70,(소재기본)
도구그룹,중간퇴사자연차,70,ELIGIBLE,20,높음,70,(소재기본)
도구그룹,통상급여계산,70,ELIGIBLE,20,낮음,70,(소재기본)
도구그룹,파트타임급여,70,ELIGIBLE,20,높음,70,(소재기본)
도구그룹,파트타임급여계산,70,ELIGIBLE,20,낮음,70,(소재기본)
도구그룹,회계연도연차관리,70,ELIGIBLE,20,높음,70,(소재기본)
도구그룹,회계일연차,70,ELIGIBLE,20,높음,70,(소재기본)
도구그룹,연차휴가관리대장엑셀,70,ELIGIBLE,20,높음,70,(소재기본)
도구그룹,교대근무월급계산기,70,ELIGIBLE,20,낮음,70,(소재기본)
도구그룹,플렉스급여,70,ELIGIBLE,20,중간,70,(소재기본)
도구그룹,근로복지공단확정정산,70,ELIGIBLE,20,높음,70,(소재기본)
도구그룹,감단직근로계약서,70,ELIGIBLE,20,높음,70,(소재기본)
도구그룹,경비원최저임금,70,ELIGIBLE,20,높음,70,(소재기본)
도구그룹,고용노동부법정교육,70,ELIGIBLE,20,높음,70,(소재기본)
도구그룹,고용노동부온라인교육,70,PAUSED,20,중간,70,(소재기본)
도구그룹,고용노동부위탁기관,70,PAUSED,20,높음,70,(소재기본)
도구그룹,고용노동부인증교육기관,70,ELIGIBLE,20,높음,70,(소재기본)
도구그룹,2024실업급여조건,70,ELIGIBLE,20,낮음,70,(소재기본)
도구그룹,고용부실업급여,70,ELIGIBLE,20,낮음,70,(소재기본)
도구그룹,2024실업급여금액,70,ELIGIBLE,20,낮음,70,(소재기본)
도구그룹,2024실업급여,70,ELIGIBLE,20,낮음,70,(소재기본)
도구그룹,2024실업급여신청방법,70,ELIGIBLE,20,낮음,70,(소재기본)
도구그룹,정년퇴직후실업급여신청방법,70,ELIGIBLE,20,중간,70,(소재기본)
도구그룹,실업급여신청가능,70,ELIGIBLE,20,높음,70,(소재기본)
도구그룹,실업급여신청홈페이지,70,ELIGIBLE,20,높음,70,(소재기본)
도구그룹,퇴사후실업급여신청방법,70,ELIGIBLE,20,높음,70,(소재기본)
도구그룹,실업급여모바일신청방법,70,ELIGIBLE,20,높음,70,(소재기본)
도구그룹,실업급여빨리받는법,70,ELIGIBLE,20,낮음,70,(소재기본)
도구그룹,실업급여신청문의,70,ELIGIBLE,20,높음,70,(소재기본)
도구그룹,실업급여신청후취소,70,ELIGIBLE,20,중간,70,(소재기본)
도구그룹,워크넷실업급여신청,70,ELIGIBLE,20,중간,70,(소재기본)
도구그룹,질병실업급여신청,70,ELIGIBLE,20,중간,70,(소재기본)
도구그룹,임금확인서양식,70,ELIGIBLE,20,높음,70,(소재기본)
도구그룹,노동전문로펌,70,ELIGIBLE,20,높음,70,(소재기본)
도구그룹,계약직해지,70,ELIGIBLE,20,높음,70,(소재기본)
도구그룹,권고사직서식,70,ELIGIBLE,20,중간,70,https://toesahero.com/resignation-letter
도구그룹,무료사직서양식다운로드,70,ELIGIBLE,20,높음,70,https://toesahero.com/resignation-letter
도구그룹,사직서양식무료다운,70,ELIGIBLE,20,높음,70,https://toesahero.com/resignation-letter
도구그룹,외국인근로자사직서,70,ELIGIBLE,20,중간,70,https://toesahero.com/resignation-letter
도구그룹,임원사직서,70,ELIGIBLE,20,중간,70,https://toesahero.com/resignation-letter
도구그룹,표준사직서,70,ELIGIBLE,20,중간,70,https://toesahero.com/resignation-letter
도구그룹,회사사직서양식,70,ELIGIBLE,20,중간,70,https://toesahero.com/resignation-letter
도구그룹,사직서무료다운로드,70,ELIGIBLE,20,중간,70,https://toesahero.com/resignation-letter
도구그룹,무료사직서,70,ELIGIBLE,20,중간,70,https://toesahero.com/resignation-letter
도구그룹,사직서무료다운,70,ELIGIBLE,20,낮음,70,https://toesahero.com/resignation-letter
도구그룹,기본사직서양식,70,ELIGIBLE,20,중간,70,https://toesahero.com/resignation-letter
도구그룹,퇴직시연차수당계산기,70,ELIGIBLE,20,낮음,70,https://toesahero.com/calc
도구그룹,연차수당자동계산,70,ELIGIBLE,20,낮음,70,https://toesahero.com/calc
도구그룹,퇴직금자동계산,70,ELIGIBLE,20,낮음,70,https://toesahero.com/calc
도구그룹,연차휴가일수계산기,70,ELIGIBLE,20,낮음,70,https://toesahero.com/calc
도구그룹,회계기준연차계산기,70,ELIGIBLE,20,낮음,70,https://toesahero.com/calc
도구그룹,입사일연차계산,70,ELIGIBLE,20,낮음,70,https://toesahero.com/calc
도구그룹,신입사원연차계산,70,ELIGIBLE,20,낮음,70,https://toesahero.com/calc
도구그룹,중도퇴사자연차계산,70,ELIGIBLE,20,낮음,70,https://toesahero.com/calc
도구그룹,연차계산기록부,70,ELIGIBLE,20,낮음,70,https://toesahero.com/calc
도구그룹,연차수당계산하기,70,ELIGIBLE,20,낮음,70,https://toesahero.com/calc
도구그룹,퇴사연차수당계산기,70,ELIGIBLE,20,낮음,70,https://toesahero.com/calc
도구그룹,2024연차계산기,70,ELIGIBLE,20,낮음,70,https://toesahero.com/calc
도구그룹,연차계산서,70,ELIGIBLE,20,높음,70,https://toesahero.com/calc
도구그룹,연차계산서식,70,ELIGIBLE,20,높음,70,https://toesahero.com/calc
도구그룹,연차계산표,70,ELIGIBLE,20,낮음,70,https://toesahero.com/calc
도구그룹,연차수당계산양식,70,ELIGIBLE,20,높음,70,https://toesahero.com/calc
도구그룹,퇴사시연차계산기,70,ELIGIBLE,20,낮음,70,https://toesahero.com/calc
도구그룹,퇴직시연차계산기,70,ELIGIBLE,20,낮음,70,https://toesahero.com/calc
도구그룹,회계년도연차계산기엑셀,70,ELIGIBLE,20,낮음,70,https://toesahero.com/calc
도구그룹,2024실업급여계산기,70,ELIGIBLE,20,낮음,70,https://toesahero.com/unemployment-calc
도구그룹,2024실업급여계산,70,ELIGIBLE,20,낮음,70,https://toesahero.com/unemployment-calc
상담그룹,권고사직,70,ELIGIBLE,13630,높음,1390,(소재기본)
상담그룹,고용노동부신고,70,ELIGIBLE,7970,높음,70,(소재기본)
상담그룹,직장내괴롭힘처벌,70,ELIGIBLE,4900,높음,2790,(소재기본)
상담그룹,고용노동부상담,70,ELIGIBLE,3270,높음,70,(소재기본)
상담그룹,권고사직위로금,460,ELIGIBLE,3160,높음,440,(소재기본)
상담그룹,취업규칙신고,70,ELIGIBLE,2730,높음,70,(소재기본)
상담그룹,권고사직회사불이익,70,ELIGIBLE,2430,높음,70,(소재기본)
상담그룹,직장내괴롭힘사례,70,ELIGIBLE,2250,높음,990,(소재기본)
상담그룹,4대보험상실신고,70,ELIGIBLE,2200,중간,,(소재기본)
상담그룹,노동청신고방법,300,ELIGIBLE,1900,높음,480,(소재기본)
상담그룹,취업규칙변경신고,70,ELIGIBLE,1660,높음,70,(소재기본)
상담그룹,근로내용확인신고서,70,ELIGIBLE,1540,중간,,(소재기본)
상담그룹,일용직신고,70,ELIGIBLE,1450,중간,,(소재기본)
상담그룹,권고사직서양식,70,ELIGIBLE,1280,높음,70,(소재기본)
상담그룹,고용노동부임금체불신고,70,ELIGIBLE,1280,중간,70,(소재기본)
상담그룹,실업급여상담,70,ELIGIBLE,1220,중간,70,(소재기본)
상담그룹,근로내용확인신고,70,ELIGIBLE,1190,높음,70,(소재기본)
상담그룹,권고사직사직서,70,ELIGIBLE,1060,중간,70,(소재기본)
상담그룹,권고사직서,70,ELIGIBLE,910,높음,70,(소재기본)
상담그룹,4대보험취득신고,70,ELIGIBLE,890,높음,,(소재기본)
상담그룹,해고통지서,70,ELIGIBLE,860,높음,70,(소재기본)
상담그룹,상실신고,70,PAUSED,810,높음,,(소재기본)
상담그룹,연차수당미지급,70,ELIGIBLE,700,높음,70,(소재기본)
상담그룹,고용노동부퇴직금신고,70,ELIGIBLE,670,낮음,70,(소재기본)
상담그룹,임금체불진정서,70,ELIGIBLE,630,중간,70,(소재기본)
상담그룹,권고사직거부,70,ELIGIBLE,620,높음,,(소재기본)
상담그룹,체불임금확인서,150,ELIGIBLE,610,중간,70,(소재기본)
상담그룹,고용노동부임금체불,70,ELIGIBLE,560,중간,70,(소재기본)
상담그룹,성희롱성폭력예방교육,70,ELIGIBLE,560,높음,70,(소재기본)
상담그룹,근로자지위확인소송,70,ELIGIBLE,520,높음,70,(소재기본)
상담그룹,일용직근로내용확인신고,70,ELIGIBLE,520,높음,,(소재기본)
상담그룹,일용근로소득신고,70,ELIGIBLE,520,높음,,(소재기본)
상담그룹,고용노동부진정,70,ELIGIBLE,500,높음,70,(소재기본)
상담그룹,노동청진정,70,ELIGIBLE,450,높음,70,(소재기본)
상담그룹,임금체불진정,70,ELIGIBLE,440,높음,70,(소재기본)
상담그룹,마곡노무사,70,ELIGIBLE,420,높음,70,(소재기본)
상담그룹,해고예고통지서,70,ELIGIBLE,410,높음,70,(소재기본)
상담그룹,권고사직합의서,70,ELIGIBLE,400,높음,70,(소재기본)
상담그룹,직장내괴롭힘판단기준,70,ELIGIBLE,390,높음,70,(소재기본)
상담그룹,직장내괴롭힘노무사,70,ELIGIBLE,360,높음,2220,(소재기본)
상담그룹,강노무사,70,ELIGIBLE,360,중간,70,(소재기본)
상담그룹,직장내괴롭힘예방교육자료,70,ELIGIBLE,330,높음,70,(소재기본)
상담그룹,직장괴롭힘,100,ELIGIBLE,310,높음,70,(소재기본)
상담그룹,급여신고,70,ELIGIBLE,310,높음,70,(소재기본)
상담그룹,제주도노무사,70,ELIGIBLE,310,높음,70,(소재기본)
상담그룹,중앙노동위원회재심,70,ELIGIBLE,300,높음,70,(소재기본)
상담그룹,제주시노무사,70,ELIGIBLE,290,높음,,(소재기본)
상담그룹,무단퇴사손해배상,70,ELIGIBLE,270,높음,,(소재기본)
상담그룹,실업급여부정수급자진신고,70,ELIGIBLE,260,높음,70,(소재기본)
상담그룹,공인노무사법,70,ELIGIBLE,250,높음,70,(소재기본)
상담그룹,직장내괴롭힘금지법,70,ELIGIBLE,250,높음,70,(소재기본)
상담그룹,국선노무사,70,ELIGIBLE,240,중간,70,(소재기본)
상담그룹,일용직4대보험신고,70,ELIGIBLE,230,높음,,(소재기본)
상담그룹,급여미지급,70,ELIGIBLE,210,높음,70,(소재기본)
상담그룹,임금체불확인서양식,70,ELIGIBLE,200,높음,70,(소재기본)
상담그룹,노동위원회구제신청,70,ELIGIBLE,180,높음,70,(소재기본)
상담그룹,퇴직금상담,70,ELIGIBLE,180,높음,70,(소재기본)
상담그룹,영등포노무사,70,ELIGIBLE,180,높음,70,(소재기본)
상담그룹,진주노무사,70,ELIGIBLE,180,높음,,(소재기본)
상담그룹,취득신고,70,ELIGIBLE,180,높음,,(소재기본)
상담그룹,춘천노무사,70,ELIGIBLE,180,높음,,(소재기본)
상담그룹,동탄노무사,70,ELIGIBLE,170,높음,70,(소재기본)
상담그룹,해고무효확인소송,70,ELIGIBLE,170,높음,70,(소재기본)
상담그룹,노동상담,70,ELIGIBLE,160,낮음,70,(소재기본)
상담그룹,고용산재보수총액신고,70,ELIGIBLE,160,높음,,(소재기본)
상담그룹,임금체불고소,70,ELIGIBLE,150,높음,70,(소재기본)
상담그룹,일용근로신고,70,ELIGIBLE,150,높음,,(소재기본)
상담그룹,퇴직금합의서,70,ELIGIBLE,150,높음,70,(소재기본)
상담그룹,노무사수수료,70,ELIGIBLE,140,높음,70,(소재기본)
상담그룹,퇴직금노무사,70,ELIGIBLE,140,높음,70,(소재기본)
상담그룹,직장내괴롭힘판례,70,ELIGIBLE,140,높음,70,(소재기본)
상담그룹,산업재해신고,70,ELIGIBLE,140,높음,70,(소재기본)
상담그룹,성남노무사,70,ELIGIBLE,140,높음,70,(소재기본)
상담그룹,강릉노무사,70,ELIGIBLE,140,높음,70,(소재기본)
상담그룹,원주노무사,70,ELIGIBLE,140,높음,,(소재기본)
상담그룹,산재노무사수수료,70,ELIGIBLE,140,높음,,(소재기본)
상담그룹,강종현노무사,70,ELIGIBLE,130,낮음,70,(소재기본)
상담그룹,마을노무사,70,ELIGIBLE,130,중간,70,(소재기본)
상담그룹,노동부상담,70,ELIGIBLE,120,높음,70,(소재기본)
상담그룹,임금체불소송,70,ELIGIBLE,120,높음,70,(소재기본)
상담그룹,직장내괴롭힘예방,70,ELIGIBLE,120,높음,70,(소재기본)
상담그룹,부당전보,70,ELIGIBLE,120,높음,,(소재기본)
상담그룹,천안산재노무사,70,ELIGIBLE,110,높음,70,(소재기본)
상담그룹,충주노무사,70,ELIGIBLE,110,높음,70,(소재기본)
상담그룹,부당징계구제신청,70,ELIGIBLE,110,높음,70,(소재기본)
상담그룹,분당노무사,70,ELIGIBLE,110,높음,70,(소재기본)
상담그룹,퇴사대행,300,ELIGIBLE,100,중간,70,(소재기본)
상담그룹,임금피크제소송,70,ELIGIBLE,100,중간,70,(소재기본)
상담그룹,당진노무사,70,ELIGIBLE,100,중간,70,(소재기본)
상담그룹,순천노무사,70,ELIGIBLE,100,중간,70,(소재기본)
상담그룹,고양노무사,70,ELIGIBLE,100,높음,,(소재기본)
상담그룹,퇴직대행,70,PAUSED,90,높음,70,(소재기본)
상담그룹,목포노무사,70,ELIGIBLE,90,높음,70,(소재기본)
상담그룹,성수동노무사,70,ELIGIBLE,90,중간,70,(소재기본)
상담그룹,오산노무사,70,ELIGIBLE,90,높음,70,(소재기본)
상담그룹,여수노무사,70,ELIGIBLE,90,높음,,(소재기본)
상담그룹,부당징계,70,ELIGIBLE,80,높음,70,(소재기본)
상담그룹,실업급여노무사상담,70,ELIGIBLE,80,높음,70,(소재기본)
상담그룹,무료상담노무사,70,ELIGIBLE,80,높음,70,(소재기본)
상담그룹,노무사무소,70,ELIGIBLE,80,높음,70,(소재기본)
상담그룹,노동부임금체불,70,ELIGIBLE,80,높음,70,(소재기본)
상담그룹,구로디지털단지노무사,70,ELIGIBLE,80,중간,70,(소재기본)
상담그룹,실업급여부정수급노무사,70,ELIGIBLE,80,높음,70,(소재기본)
상담그룹,구미노무사,70,ELIGIBLE,80,높음,,(소재기본)
상담그룹,군산노무사,70,ELIGIBLE,80,높음,,(소재기본)
상담그룹,영업방해고소,70,ELIGIBLE,80,높음,,(소재기본)
상담그룹,실업급여노무사,70,ELIGIBLE,70,높음,70,(소재기본)
상담그룹,강동구노무사,70,ELIGIBLE,70,높음,70,(소재기본)
상담그룹,아산노무사,70,ELIGIBLE,70,중간,70,(소재기본)
상담그룹,송파노무사,70,ELIGIBLE,70,높음,70,(소재기본)
상담그룹,퇴직금진정서,70,ELIGIBLE,70,높음,70,(소재기본)
상담그룹,급여미지급확인서,70,ELIGIBLE,70,높음,70,(소재기본)
상담그룹,부평노무사,70,ELIGIBLE,70,높음,,(소재기본)
상담그룹,퇴직합의서,70,ELIGIBLE,70,중간,70,(소재기본)
상담그룹,부당해고구제신청노무사,70,ELIGIBLE,60,높음,70,(소재기본)
상담그룹,임금체불무료상담,70,ELIGIBLE,60,높음,70,(소재기본)
상담그룹,공인노무사상담,70,ELIGIBLE,60,높음,70,(소재기본)
상담그룹,용산노무사,70,ELIGIBLE,60,중간,70,(소재기본)
상담그룹,체불임금진정서,70,ELIGIBLE,60,높음,70,(소재기본)
상담그룹,노무사선임,70,ELIGIBLE,60,높음,70,(소재기본)
상담그룹,월급체불,70,ELIGIBLE,60,높음,70,(소재기본)
상담그룹,성희롱형사처벌,70,ELIGIBLE,60,높음,70,(소재기본)
상담그룹,직장내성희롱예방,70,ELIGIBLE,60,높음,70,(소재기본)
상담그룹,직장내성희롱예방교육동영상,70,ELIGIBLE,60,높음,70,(소재기본)
상담그룹,평택산재노무사,70,ELIGIBLE,60,높음,,(소재기본)
상담그룹,용인시노무사,70,ELIGIBLE,60,높음,,(소재기본)
상담그룹,고용산재보험료신고서,70,ELIGIBLE,60,높음,,(소재기본)
상담그룹,갑질예방교육,70,ELIGIBLE,50,높음,70,(소재기본)
상담그룹,노무사자문,70,ELIGIBLE,50,높음,70,(소재기본)
상담그룹,육아휴직노무사,70,ELIGIBLE,50,높음,70,(소재기본)
상담그룹,부당해고구제신청서,70,ELIGIBLE,50,높음,70,(소재기본)
상담그룹,안성노무사,70,ELIGIBLE,50,높음,70,(소재기본)
상담그룹,서산노무사,70,ELIGIBLE,50,중간,70,(소재기본)
상담그룹,부당해고처벌,70,ELIGIBLE,50,높음,70,(소재기본)
상담그룹,동대문구노무사,70,ELIGIBLE,50,높음,70,(소재기본)
상담그룹,부산노무사무료상담,70,ELIGIBLE,50,중간,,(소재기본)
상담그룹,마산노무사,70,ELIGIBLE,50,높음,,(소재기본)
상담그룹,청라노무사,70,ELIGIBLE,50,높음,,(소재기본)
상담그룹,병원노무사,70,ELIGIBLE,50,높음,70,(소재기본)
상담그룹,해고무효소송,70,ELIGIBLE,50,높음,70,(소재기본)
상담그룹,산재합의서,70,ELIGIBLE,50,높음,70,(소재기본)
상담그룹,무료노동상담,70,ELIGIBLE,50,높음,70,(소재기본)
상담그룹,퇴직금민사소송비용,70,ELIGIBLE,40,높음,70,(소재기본)
상담그룹,미용실노무사,70,ELIGIBLE,40,높음,70,(소재기본)
상담그룹,직장내괴롭힘전문노무사,70,ELIGIBLE,40,높음,70,(소재기본)
상담그룹,직장내괴롭힘전문,70,ELIGIBLE,40,높음,70,(소재기본)
상담그룹,노무사근로계약서,70,ELIGIBLE,40,높음,70,(소재기본)
상담그룹,성동구노무사,70,ELIGIBLE,40,높음,70,(소재기본)
상담그룹,직장내괴롭힘노무사상담,70,ELIGIBLE,40,높음,70,(소재기본)
상담그룹,기업노무사,70,ELIGIBLE,40,높음,70,(소재기본)
상담그룹,성수노무사,70,ELIGIBLE,40,중간,70,(소재기본)
상담그룹,화성노무사,70,ELIGIBLE,40,높음,70,(소재기본)
상담그룹,제천노무사,70,ELIGIBLE,40,높음,70,(소재기본)
상담그룹,송파구노무사,70,ELIGIBLE,40,높음,70,(소재기본)
상담그룹,부당해고금전보상,70,ELIGIBLE,40,높음,70,(소재기본)
상담그룹,양주노무사,70,ELIGIBLE,40,높음,70,(소재기본)
상담그룹,은평구노무사,70,ELIGIBLE,40,높음,70,(소재기본)
상담그룹,중랑구노무사,70,ELIGIBLE,40,높음,70,(소재기본)
상담그룹,광주광역시노무사,70,ELIGIBLE,40,중간,,(소재기본)
상담그룹,광명노무사,70,ELIGIBLE,40,높음,,(소재기본)
상담그룹,시흥노무사,70,ELIGIBLE,40,높음,,(소재기본)
상담그룹,퇴직연금상담,70,ELIGIBLE,40,높음,,(소재기본)
상담그룹,직장내괴롭힘진정,70,ELIGIBLE,40,높음,70,(소재기본)
상담그룹,연차휴가대체합의서,70,ELIGIBLE,40,높음,70,(소재기본)
상담그룹,임금체불전문변호사,300,ELIGIBLE,30,높음,70,(소재기본)
상담그룹,노무사법인,70,ELIGIBLE,30,높음,70,(소재기본)
상담그룹,부당해고노무사상담,70,ELIGIBLE,30,높음,70,(소재기본)
상담그룹,잠실노무사,70,ELIGIBLE,30,높음,70,(소재기본)
상담그룹,부당해고답변서,70,ELIGIBLE,30,높음,70,(소재기본)
상담그룹,부당해고무료상담,70,ELIGIBLE,30,높음,70,(소재기본)
상담그룹,근로계약서노무사,70,ELIGIBLE,30,높음,70,(소재기본)
상담그룹,무료산재상담,70,ELIGIBLE,30,높음,70,(소재기본)
상담그룹,직장내괴롭힘노무법인,70,ELIGIBLE,30,높음,70,(소재기본)
상담그룹,회사노무사,70,ELIGIBLE,30,높음,70,(소재기본)
상담그룹,직장내괴롭힘전문변호사,70,ELIGIBLE,30,높음,70,(소재기본)
상담그룹,소액임금체불,70,ELIGIBLE,30,높음,70,(소재기본)
상담그룹,노무사컨설팅,70,ELIGIBLE,30,높음,70,(소재기본)
상담그룹,평촌노무사,70,ELIGIBLE,30,중간,70,(소재기본)
상담그룹,지석만노무사,70,ELIGIBLE,30,낮음,70,(소재기본)
상담그룹,홍성노무사,70,ELIGIBLE,30,중간,70,(소재기본)
상담그룹,속초노무사,70,ELIGIBLE,30,높음,70,(소재기본)
상담그룹,경기도노무사,70,ELIGIBLE,30,높음,70,(소재기본)
상담그룹,노무사상담전화,70,ELIGIBLE,30,높음,70,(소재기본)
상담그룹,노무사착수금,70,ELIGIBLE,30,높음,70,(소재기본)
상담그룹,급여관리대행,70,ELIGIBLE,30,높음,70,(소재기본)
상담그룹,노무사찾기,70,ELIGIBLE,30,높음,70,(소재기본)
상담그룹,실업급여부정수급변호사,70,ELIGIBLE,30,높음,70,(소재기본)
상담그룹,직장내괴롭힘예방교육의무,70,ELIGIBLE,30,높음,70,(소재기본)
상담그룹,직장내괴롭힘예방교육강사,70,ELIGIBLE,30,높음,70,(소재기본)
상담그룹,노원노무사,70,ELIGIBLE,30,높음,70,(소재기본)
상담그룹,판교노무사,70,ELIGIBLE,30,높음,70,(소재기본)
상담그룹,구월동노무사,70,ELIGIBLE,30,높음,70,(소재기본)
상담그룹,성북구노무사,70,ELIGIBLE,30,높음,70,(소재기본)
상담그룹,서초동노무사,70,ELIGIBLE,30,높음,70,(소재기본)
상담그룹,성희롱예방교육온라인,70,ELIGIBLE,30,높음,70,(소재기본)
상담그룹,산재노무사상담,70,ELIGIBLE,30,높음,,(소재기본)
상담그룹,통영노무사,70,ELIGIBLE,30,높음,,(소재기본)
상담그룹,달서구노무사,70,ELIGIBLE,30,높음,,(소재기본)
상담그룹,입체불청구서,70,ELIGIBLE,30,중간,,(소재기본)
상담그룹,산재보험노무사,70,ELIGIBLE,30,높음,,(소재기본)
상담그룹,산재신청노무사,70,ELIGIBLE,30,높음,,(소재기본)
상담그룹,검단노무사,70,ELIGIBLE,30,높음,,(소재기본)
상담그룹,외국인임금체불,70,ELIGIBLE,30,높음,,(소재기본)
상담그룹,노무사손해사정사,70,ELIGIBLE,30,높음,,(소재기본)
상담그룹,성희롱무고,70,ELIGIBLE,30,높음,,(소재기본)
상담그룹,갑질교육,70,ELIGIBLE,30,높음,,(소재기본)
상담그룹,산재이의신청,70,ELIGIBLE,30,높음,70,(소재기본)
상담그룹,퇴직금청구서,70,ELIGIBLE,30,높음,70,(소재기본)
상담그룹,퇴사강요,70,ELIGIBLE,30,높음,70,(소재기본)
상담그룹,실업급여이의신청,70,ELIGIBLE,30,높음,70,(소재기본)
상담그룹,연장근로합의서,70,ELIGIBLE,30,높음,70,(소재기본)
상담그룹,퇴직대행서비스,70,ELIGIBLE,20,높음,70,(소재기본)
상담그룹,퇴사대행서비스,70,ELIGIBLE,20,높음,70,(소재기본)
상담그룹,퇴사대행업체,70,ELIGIBLE,20,높음,70,(소재기본)
상담그룹,노동부노무사,70,ELIGIBLE,20,높음,70,(소재기본)
상담그룹,부당정직,70,ELIGIBLE,20,높음,70,(소재기본)
상담그룹,병의원전문노무사,70,ELIGIBLE,20,높음,70,(소재기본)
상담그룹,권고사직상담,70,ELIGIBLE,20,높음,70,(소재기본)
상담그룹,사업주전문노무사,70,ELIGIBLE,20,높음,70,(소재기본)
상담그룹,부당해고전문,70,ELIGIBLE,20,높음,70,(소재기본)
상담그룹,중앙노동위원회전문노무사,70,ELIGIBLE,20,중간,70,(소재기본)
상담그룹,부당해고노무법인,70,ELIGIBLE,20,높음,70,(소재기본)
상담그룹,대구노무사무료상담,70,ELIGIBLE,20,높음,70,(소재기본)
상담그룹,대전노무사무료상담,70,ELIGIBLE,20,높음,70,(소재기본)
상담그룹,실업급여무료상담,70,ELIGIBLE,20,높음,70,(소재기본)
상담그룹,부당해고전문노무사,70,ELIGIBLE,20,높음,70,(소재기본)
상담그룹,공인노무사무료상담,70,ELIGIBLE,20,높음,70,(소재기본)
상담그룹,노동법무료상담,70,ELIGIBLE,20,높음,70,(소재기본)
상담그룹,노무사무료인강,70,ELIGIBLE,20,높음,70,(소재기본)
상담그룹,법인노무사,70,ELIGIBLE,20,높음,70,(소재기본)
상담그룹,직장내성희롱노무사,70,ELIGIBLE,20,높음,70,(소재기본)
상담그룹,중앙노동위원회노무사,70,ELIGIBLE,20,높음,70,(소재기본)
상담그룹,임금체불노무사상담,70,ELIGIBLE,20,높음,70,(소재기본)
상담그룹,노무사문의,70,ELIGIBLE,20,높음,70,(소재기본)
상담그룹,주휴수당노무사,70,ELIGIBLE,20,높음,70,(소재기본)
상담그룹,노동법원노무사,70,ELIGIBLE,20,낮음,70,(소재기본)
상담그룹,공인노무사사무실,70,ELIGIBLE,20,높음,70,(소재기본)
상담그룹,노무사임금체불,70,ELIGIBLE,20,높음,70,(소재기본)
상담그룹,직장내성희롱대처,70,ELIGIBLE,20,높음,70,(소재기본)
상담그룹,중대재해처벌법노무사,70,ELIGIBLE,20,높음,70,(소재기본)
상담그룹,해고노무사,70,ELIGIBLE,20,높음,70,(소재기본)
상담그룹,노무사계약서,70,ELIGIBLE,20,높음,70,(소재기본)
상담그룹,중대재해노무사,70,ELIGIBLE,20,높음,70,(소재기본)
상담그룹,여성노무사,70,ELIGIBLE,20,높음,70,(소재기본)
상담그룹,여자노무사,70,ELIGIBLE,20,높음,70,(소재기본)
상담그룹,기업전문노무사,70,ELIGIBLE,20,높음,70,(소재기본)
상담그룹,노동법노무사,70,ELIGIBLE,20,높음,70,(소재기본)
상담그룹,연차수당노무사,70,ELIGIBLE,20,높음,70,(소재기본)
상담그룹,연차수당상담,70,ELIGIBLE,20,높음,70,(소재기본)
상담그룹,주휴수당상담,70,ELIGIBLE,20,높음,70,(소재기본)
상담그룹,퇴직급여상담,70,ELIGIBLE,20,높음,70,(소재기본)
상담그룹,스타트업노무사,70,ELIGIBLE,20,중간,70,(소재기본)
상담그룹,공인노무사사무소,70,ELIGIBLE,20,높음,70,(소재기본)
상담그룹,서초구노무사,70,ELIGIBLE,20,높음,70,(소재기본)
상담그룹,요식업노무사,70,ELIGIBLE,20,중간,70,(소재기본)
상담그룹,산재처리노무사,70,ELIGIBLE,20,높음,70,(소재기본)
상담그룹,사업자노무사,70,ELIGIBLE,20,높음,70,(소재기본)
상담그룹,병의원노무사,70,ELIGIBLE,20,중간,70,(소재기본)
상담그룹,강남역노무사,70,ELIGIBLE,20,높음,70,(소재기본)
상담그룹,여의도노무사,70,ELIGIBLE,20,높음,70,(소재기본)
상담그룹,사측노무사,70,ELIGIBLE,20,높음,70,(소재기본)
상담그룹,역삼노무사,70,ELIGIBLE,20,높음,70,(소재기본)
상담그룹,노무사자문계약,70,ELIGIBLE,20,높음,70,(소재기본)
상담그룹,직장내괴롭힘외부조사,70,ELIGIBLE,20,높음,70,(소재기본)
상담그룹,부산공인노무사,70,ELIGIBLE,20,높음,70,(소재기본)
상담그룹,삼성동노무사,70,ELIGIBLE,20,높음,70,(소재기본)
상담그룹,노무사자문료,70,ELIGIBLE,20,높음,70,(소재기본)
상담그룹,대전공인노무사,70,ELIGIBLE,20,높음,70,(소재기본)
상담그룹,기업자문노무사,70,ELIGIBLE,20,높음,70,(소재기본)
상담그룹,임금체불고소장양식,70,ELIGIBLE,20,높음,70,(소재기본)
상담그룹,충남노무사,70,ELIGIBLE,20,높음,70,(소재기본)
상담그룹,노동조합노무사,70,ELIGIBLE,20,높음,70,(소재기본)
상담그룹,바로노무사사무소,70,ELIGIBLE,20,낮음,70,(소재기본)
상담그룹,논산노무사,70,ELIGIBLE,20,중간,70,(소재기본)
상담그룹,보령노무사,70,ELIGIBLE,20,높음,70,(소재기본)
상담그룹,진천노무사,70,ELIGIBLE,20,중간,70,(소재기본)
상담그룹,식당노무사,70,ELIGIBLE,20,낮음,70,(소재기본)
상담그룹,노무사출신변호사,70,ELIGIBLE,20,중간,70,(소재기본)
상담그룹,강남구노무사,70,ELIGIBLE,20,높음,70,(소재기본)
상담그룹,노무사부당해고,70,ELIGIBLE,20,높음,70,(소재기본)
상담그룹,화성시노무사,70,ELIGIBLE,20,높음,70,(소재기본)
상담그룹,임금상담,70,ELIGIBLE,20,높음,70,(소재기본)
상담그룹,경기도광주노무사,70,ELIGIBLE,20,낮음,70,(소재기본)
상담그룹,광명시노무사,70,ELIGIBLE,20,높음,70,(소재기본)
상담그룹,역삼동노무사,70,ELIGIBLE,20,높음,70,(소재기본)
상담그룹,양천구노무사,70,ELIGIBLE,20,높음,70,(소재기본)
상담그룹,부당해고고발,70,ELIGIBLE,20,낮음,70,(소재기본)
상담그룹,실업급여소송,70,ELIGIBLE,20,낮음,70,(소재기본)
상담그룹,임금체불고발,70,ELIGIBLE,20,높음,70,(소재기본)
상담그룹,임원부당해고,70,ELIGIBLE,20,중간,70,(소재기본)
상담그룹,체불임금가압류,70,ELIGIBLE,20,높음,70,(소재기본)
상담그룹,종로노무사,70,ELIGIBLE,20,높음,70,(소재기본)
상담그룹,양산시노무사,70,ELIGIBLE,20,높음,70,(소재기본)
상담그룹,노무사계약,70,ELIGIBLE,20,높음,70,(소재기본)
상담그룹,울산직장내괴롭힘,70,ELIGIBLE,20,중간,70,(소재기본)
상담그룹,가족수당미지급확인서,70,ELIGIBLE,20,중간,70,(소재기본)
상담그룹,퇴직금지급소송,70,ELIGIBLE,20,높음,70,(소재기본)
상담그룹,퇴직금무료상담,70,ELIGIBLE,20,높음,70,(소재기본)
상담그룹,개인노무사,70,ELIGIBLE,20,높음,70,(소재기본)
상담그룹,미금역노무사,70,ELIGIBLE,20,중간,70,(소재기본)
상담그룹,동두천노무사,70,ELIGIBLE,20,높음,70,(소재기본)
상담그룹,양평노무사,70,ELIGIBLE,20,높음,70,(소재기본)
상담그룹,실업급여부정수급상담,70,ELIGIBLE,20,높음,70,(소재기본)
상담그룹,산본노무사,70,ELIGIBLE,20,중간,70,(소재기본)
상담그룹,홍대노무사,70,ELIGIBLE,20,중간,70,(소재기본)
상담그룹,권고사직노무사,70,ELIGIBLE,20,높음,70,(소재기본)
상담그룹,급여신고서,70,ELIGIBLE,20,높음,70,(소재기본)
상담그룹,군포노무사,70,ELIGIBLE,20,높음,70,(소재기본)
상담그룹,성희롱예방온라인교육,70,ELIGIBLE,20,낮음,70,(소재기본)
상담그룹,직장내괴롭힘방지,70,ELIGIBLE,20,높음,70,(소재기본)
상담그룹,영등포구노무사,70,ELIGIBLE,20,높음,70,(소재기본)
상담그룹,직장내괴롭힘강의,70,ELIGIBLE,20,높음,70,(소재기본)
상담그룹,직장내괴롭힘온라인,70,ELIGIBLE,20,낮음,70,(소재기본)
상담그룹,직장내괴롭힘온라인교육,70,ELIGIBLE,20,높음,70,(소재기본)
상담그룹,갑질예방교육강사,70,ELIGIBLE,20,높음,70,(소재기본)
상담그룹,괴롭힘예방교육,70,ELIGIBLE,20,높음,70,(소재기본)
상담그룹,직장내괴롭힘교육강사,70,ELIGIBLE,20,높음,70,(소재기본)
상담그룹,강서노무사,70,ELIGIBLE,20,높음,70,(소재기본)
상담그룹,과천노무사,70,ELIGIBLE,20,높음,70,(소재기본)
상담그룹,카카오톡성희롱,70,ELIGIBLE,20,높음,70,(소재기본)
상담그룹,서초노무사,70,ELIGIBLE,20,높음,70,(소재기본)
상담그룹,노무사유료상담,70,ELIGIBLE,20,높음,70,(소재기본)
상담그룹,강북구노무사,70,ELIGIBLE,20,높음,70,(소재기본)
상담그룹,노원구노무사,70,ELIGIBLE,20,높음,70,(소재기본)
상담그룹,성희롱예방교육동영상,70,ELIGIBLE,20,높음,70,(소재기본)
상담그룹,성희롱대처법,70,ELIGIBLE,20,높음,70,(소재기본)
상담그룹,계양구노무사,70,ELIGIBLE,20,높음,70,(소재기본)
상담그룹,인사노무사,70,ELIGIBLE,20,높음,70,(소재기본)
상담그룹,김천노무사,70,ELIGIBLE,20,중간,70,(소재기본)
상담그룹,문정동노무사,70,ELIGIBLE,20,높음,70,(소재기본)
상담그룹,일산산재노무사,70,ELIGIBLE,20,높음,70,(소재기본)
상담그룹,온라인성희롱예방교육,70,ELIGIBLE,20,높음,70,(소재기본)
상담그룹,건설업전문노무사,70,ELIGIBLE,20,높음,70,(소재기본)
상담그룹,나주노무사,70,ELIGIBLE,20,중간,70,(소재기본)
상담그룹,시흥시노무사,70,ELIGIBLE,20,높음,70,(소재기본)
상담그룹,인수인계거부,70,ELIGIBLE,20,중간,70,(소재기본)
상담그룹,휴직거부,70,ELIGIBLE,20,높음,,(소재기본)
상담그룹,급여관리노무사,70,ELIGIBLE,20,낮음,,(소재기본)
상담그룹,전남노무사,70,ELIGIBLE,20,높음,,(소재기본)
상담그룹,안양시노무사,70,ELIGIBLE,20,높음,,(소재기본)
상담그룹,산재소송변호사,70,ELIGIBLE,20,높음,,(소재기본)
상담그룹,김해산재노무사,70,ELIGIBLE,20,높음,,(소재기본)
상담그룹,부산강서구노무사,70,ELIGIBLE,20,높음,,(소재기본)
상담그룹,밀양노무사,70,ELIGIBLE,20,높음,,(소재기본)
상담그룹,별내노무사,70,ELIGIBLE,20,높음,,(소재기본)
상담그룹,울산공인노무사,70,ELIGIBLE,20,높음,,(소재기본)
상담그룹,진주시노무사,70,ELIGIBLE,20,높음,,(소재기본)
상담그룹,경남노무사,70,ELIGIBLE,20,높음,,(소재기본)
상담그룹,영천노무사,70,ELIGIBLE,20,높음,,(소재기본)
상담그룹,4대보험신고대행,70,ELIGIBLE,20,높음,,(소재기본)
상담그룹,대구공인노무사,70,ELIGIBLE,20,높음,,(소재기본)
상담그룹,건설업고용산재보수총액신고,70,ELIGIBLE,20,높음,,(소재기본)
상담그룹,정읍노무사,70,ELIGIBLE,20,높음,,(소재기본)
상담그룹,수원산재전문변호사,70,ELIGIBLE,20,높음,,(소재기본)
상담그룹,건설업고용산재보험료신고,70,ELIGIBLE,20,높음,,(소재기본)
상담그룹,구리노무사,70,ELIGIBLE,20,중간,,(소재기본)
상담그룹,안산시노무사,70,ELIGIBLE,20,높음,,(소재기본)
상담그룹,대구노무사사무실,70,ELIGIBLE,20,높음,,(소재기본)
상담그룹,사하구노무사,70,ELIGIBLE,20,높음,,(소재기본)
상담그룹,해운대노무사,70,ELIGIBLE,20,높음,,(소재기본)
상담그룹,산재보험무료상담,70,ELIGIBLE,20,낮음,,(소재기본)
상담그룹,군대내괴롭힘,70,ELIGIBLE,20,높음,,(소재기본)
상담그룹,4대보험신고양식,70,ELIGIBLE,20,높음,,(소재기본)
상담그룹,임금체불양식,70,ELIGIBLE,20,높음,,(소재기본)
상담그룹,파견대행,70,ELIGIBLE,20,높음,,(소재기본)
상담그룹,산업재해노무사,70,ELIGIBLE,20,높음,,(소재기본)
상담그룹,영월노무사,70,ELIGIBLE,20,높음,,(소재기본)
상담그룹,산업재해전문변호사,70,ELIGIBLE,20,낮음,,(소재기본)
상담그룹,산재처리변호사,70,ELIGIBLE,20,높음,,(소재기본)
상담그룹,진폐노무사,70,ELIGIBLE,20,높음,,(소재기본)
상담그룹,정현일노무사,70,ELIGIBLE,20,낮음,,(소재기본)
상담그룹,태백노무사,70,ELIGIBLE,20,중간,,(소재기본)
상담그룹,근로복지공단노무사,70,ELIGIBLE,20,중간,,(소재기본)
상담그룹,영종도노무사,70,ELIGIBLE,20,중간,,(소재기본)
상담그룹,부천산재변호사,70,ELIGIBLE,20,높음,,(소재기본)
상담그룹,산업재해상담,70,ELIGIBLE,20,높음,,(소재기본)
상담그룹,인천노무사사무실,70,ELIGIBLE,20,중간,,(소재기본)
상담그룹,인천서구노무사,70,ELIGIBLE,20,중간,,(소재기본)
상담그룹,김포시노무사,70,ELIGIBLE,20,높음,,(소재기본)
상담그룹,체불임금지불각서,70,ELIGIBLE,20,높음,,(소재기본)
상담그룹,노동부체불임금,70,ELIGIBLE,20,중간,,(소재기본)
상담그룹,부당이득반환청구소송양식,70,ELIGIBLE,20,낮음,,(소재기본)
상담그룹,부당해고답변서양식,70,ELIGIBLE,20,높음,,(소재기본)
상담그룹,부당해고이유서양식,70,ELIGIBLE,20,높음,,(소재기본)
상담그룹,급여신고방법,70,ELIGIBLE,20,높음,,(소재기본)
상담그룹,동대문노무사,70,ELIGIBLE,20,높음,,(소재기본)
상담그룹,프리랜서기한후신고,70,ELIGIBLE,20,높음,,(소재기본)
상담그룹,인천노동변호사,70,ELIGIBLE,20,높음,,(소재기본)
상담그룹,갑질원인,70,ELIGIBLE,20,중간,,(소재기본)
상담그룹,미지급급여청구서,70,ELIGIBLE,20,높음,,(소재기본)
상담그룹,노동사건변호사,70,ELIGIBLE,20,높음,70,(소재기본)
상담그룹,체불임금소송,70,ELIGIBLE,20,높음,70,(소재기본)
상담그룹,괴롭힘신고방법,70,ELIGIBLE,20,낮음,70,(소재기본)
상담그룹,노동청진정방법,70,ELIGIBLE,20,높음,70,(소재기본)
상담그룹,해고예고수당합의서,70,ELIGIBLE,20,높음,70,(소재기본)
상담그룹,근로자대표합의서,70,ELIGIBLE,20,높음,70,(소재기본)
상담그룹,탄력적근로시간제합의서,70,ELIGIBLE,20,중간,70,(소재기본)
상담그룹,퇴직금지연지급합의서,70,ELIGIBLE,20,높음,70,(소재기본)
상담그룹,퇴사합의서,70,ELIGIBLE,20,높음,70,(소재기본)
상담그룹,노무사무실,70,ELIGIBLE,20,높음,70,(소재기본)
상담그룹,취업규칙노무사,70,ELIGIBLE,20,높음,70,(소재기본)
상담그룹,노무사취업규칙,70,ELIGIBLE,20,높음,70,(소재기본)
상담그룹,병원전문노무사,70,ELIGIBLE,20,높음,70,(소재기본)
상담그룹,해고컨설팅,70,ELIGIBLE,20,낮음,70,(소재기본)
상담그룹,직장인법률상담,70,ELIGIBLE,20,낮음,70,(소재기본)
상담그룹,연차수당청구,70,ELIGIBLE,20,높음,70,(소재기본)
상담그룹,주휴수당청구,70,ELIGIBLE,20,높음,70,(소재기본)
상담그룹,야근수당청구,70,ELIGIBLE,20,높음,70,(소재기본)
상담그룹,미지급임금청구,70,ELIGIBLE,20,높음,70,(소재기본)
상담그룹,직장내괴롭힘증거,70,ELIGIBLE,,,,(소재기본)
상담그룹,퇴사히어로,70,ELIGIBLE,,,,(소재기본)
