키워드,월검색량,PC,모바일,경쟁도,5위입찰가,의도분류,시드
퇴직금계산기,301100,89400,211700,높음,70,정보,권고사직
최저임금,173800,63400,110400,중간,70,기타,권고사직
실업급여계산기,113300,28400,84900,낮음,70,정보,해고
실업급여,109900,32500,77400,중간,70,기타,실업급여조건
실업급여신청,98400,26300,72100,중간,70,기타,권고사직
주휴수당,67200,11700,55500,높음,70,기타,권고사직
주휴수당조건,44180,6780,37400,높음,70,정보,해고예고수당
퇴직연금DC형,37900,10100,27800,높음,70,기타,퇴직금
실업급여신청방법,37800,12200,25600,중간,90,정보,해고
퇴직금지급기준,35750,6250,29500,높음,70,정보,해고
연차계산기,30800,19700,11100,높음,90,정보,권고사직
실업급여수급기간,28280,5580,22700,중간,70,기타,권고사직
사직서양식,26260,16500,9760,중간,70,정보,사직서
노동청,25970,7770,18200,중간,70,기타,노동청
연차발생기준,25870,8170,17700,높음,70,정보,권고사직
이직확인서,24100,10400,13700,중간,70,기타,이직확인서
연차수당계산기,17980,9150,8830,높음,70,정보,해고예고수당
근로소득원천징수영수증,15160,11500,3660,중간,70,기타,연차수당
퇴직연금수령방법,14460,2760,11700,높음,70,정보,정리해고
고용산재,12940,12300,640,중간,70,기타,권고사직
사직서,11550,6640,4910,중간,70,기타,사직서
통상임금,11080,4900,6180,높음,70,기타,권고사직
주휴수당계산법,10690,2070,8620,낮음,70,정보,정리해고
월급세후계산기,10100,2290,7810,낮음,70,정보,연차수당
인수인계,9230,3530,5700,중간,70,기타,퇴직금계산
구직급여신청,8730,3410,5320,높음,70,기타,해고예고수당
연차수당,8340,3090,5250,높음,70,기타,해고예고수당
구직급여,8170,2600,5570,높음,70,기타,해고예고수당
고용노동부신고,7970,1800,6170,높음,70,의뢰,정리해고
실업급여이직확인서,7520,2800,4720,높음,70,기타,권고사직
퇴직금계산방법,7370,2290,5080,중간,70,정보,퇴직금계산
실업급여신청기간,7300,1510,5790,높음,70,기타,권고사직
퇴직소득세계산기,7230,3710,3520,낮음,70,정보,퇴직금계산
근로소득원천징수,7130,3310,3820,높음,70,기타,퇴직금계산
야간수당,7010,1130,5880,중간,70,기타,연차수당
임금피크제,7000,2040,4960,중간,70,기타,권고사직
고용노동부퇴직금계산기,6920,4190,2730,중간,70,정보,권고사직
월급,6160,1270,4890,높음,70,기타,연차수당
임금계산기,6040,2640,3400,낮음,70,정보,사직서
산업재해조사표,5980,4870,1110,높음,70,기타,권고사직
5인미만사업장,5740,1040,4700,중간,70,기타,권고사직
퇴사,5470,1360,4110,중간,70,기타,퇴사
연차개수계산기,5440,2600,2840,낮음,70,정보,연차수당
주휴수당계산,5160,1570,3590,높음,70,정보,권고사직
급여,5130,1610,3520,높음,70,기타,권고사직
퇴직증명서,4780,2760,2020,중간,70,기타,퇴직금계산
월급계산,4360,1520,2840,높음,70,정보,연차수당
근로자퇴직급여보장법,3930,3140,790,중간,70,기타,권고사직
퇴직금세금계산기,3840,1180,2660,중간,70,정보,권고사직
고용노동부실업급여,3810,1440,2370,중간,70,기타,권고사직
무기계약직,3720,1210,2510,높음,70,기타,권고사직
실업급여계산,3590,1390,2200,낮음,70,정보,실업급여조건
정년퇴직실업급여,3550,910,2640,중간,70,기타,실업급여조건
실업급여부정수급,3490,880,2610,높음,70,기타,임금체불
퇴직연금해지,3480,660,2820,높음,70,기타,퇴직금계산
근로감독관,3320,970,2350,중간,70,기타,근로감독관
고용노동부상담,3270,730,2540,높음,70,의뢰,권고사직
임금,3040,810,2230,높음,70,기타,권고사직
근로소득지급명세서,2960,2000,960,중간,70,기타,연차수당
퇴직연금계산기,2730,1120,1610,낮음,70,정보,퇴직금계산
퇴직증명서발급,2620,1100,1520,중간,70,기타,퇴직금계산
사직서양식다운로드,2540,2000,540,중간,70,정보,사직서
권고사직회사불이익,2430,860,1570,높음,70,기타,권고사직
노동조합,2320,670,1650,높음,70,기타,권고사직
급여실수령액계산기,2260,970,1290,중간,70,정보,권고사직
월급실수령액계산기,2190,1020,1170,낮음,70,정보,연차수당
연차수당계산법,2160,1080,1080,높음,70,정보,해고예고수당
촉탁계약직,2150,550,1600,중간,70,기타,권고사직
근로소득,2130,690,1440,높음,70,기타,퇴직금계산
실업급여신청조건,2110,660,1450,높음,70,정보,실업급여조건
소정근로시간,2040,1160,880,중간,70,기타,연차수당
연차수당계산,2010,1320,690,높음,70,정보,연차수당
퇴직공제EDI,1970,1960,10,높음,70,기타,해고예고수당
휴일수당,1970,610,1360,높음,70,기타,연차수당
장기근속수당,1950,440,1510,높음,70,기타,해고예고수당
퇴직금정산,1950,760,1190,낮음,70,기타,퇴직금계산
근로소득세구간,1910,810,1100,높음,70,기타,연차수당
퇴직증명서양식,1880,1260,620,중간,70,정보,사직서
이직확인서양식,1870,1150,720,중간,70,정보,이직확인서
근로자,1860,670,1190,낮음,70,기타,권고사직
초과근무수당,1860,610,1250,높음,70,기타,권고사직
산재휴업급여신청,1850,540,1310,중간,70,기타,부당해고
연장근로수당,1790,720,1070,높음,70,기타,해고예고수당
노동조합법,1780,1300,480,높음,70,기타,권고사직
퇴직금계산법,1750,420,1330,높음,70,정보,퇴직금계산
야근수당,1710,430,1280,높음,70,기타,부당해고
통상임금계산법,1670,880,790,높음,70,정보,해고예고수당
근로자의날수당,1670,490,1180,높음,70,기타,직장내괴롭힘
실업급여신청하는곳,1640,350,1290,중간,70,기타,실업급여조건
근로기준법연차,1570,830,740,높음,70,정보,해고예고수당
연장근로수당계산,1540,740,800,높음,70,정보,해고예고수당
일용근로소득지급명세서,1470,890,580,중간,70,기타,연차수당
최저급여,1450,820,630,높음,70,기타,권고사직
실업수당조건,1430,260,1170,높음,70,정보,해고예고수당
실업급여온라인신청,1420,430,990,높음,70,기타,실업급여조건
일용근로내역서,1400,600,800,높음,70,기타,연차수당
근로소득세계산,1390,1120,270,낮음,70,정보,퇴직금계산
퇴직급여,1370,510,860,높음,70,기타,권고사직
퇴사후실업급여신청기간,1350,240,1110,높음,70,기타,실업급여조건
예상퇴직금확인서,1330,750,580,중간,70,기타,퇴직금계산
급여소득세계산기,1320,840,480,낮음,70,정보,퇴직금계산
노동조합및노동관계조정법,1310,1070,240,높음,70,기타,권고사직
연장수당계산기,1300,490,810,낮음,70,정보,연차수당
권고사직서양식,1280,880,400,높음,70,정보,사직서
고용노동부임금체불신고,1280,450,830,중간,70,의뢰,해고예고수당
임금대장,1270,660,610,높음,70,기타,권고사직
퇴사통보,1250,280,970,높음,70,기타,퇴사통보
대전근로복지공단,1250,260,990,중간,70,기타,권고사직
야간근로수당,1230,480,750,높음,70,기타,해고예고수당
실업급여상담,1220,330,890,중간,70,의뢰,해고예고수당
연장수당,1190,340,850,높음,70,기타,권고사직
퇴직급여계산,1190,610,580,낮음,70,정보,퇴직금계산
근로내용확인신고,1190,1020,170,높음,70,의뢰,연차수당
시간외수당,1160,490,670,높음,70,기타,권고사직
월차수당,1150,390,760,높음,70,기타,연차수당
임금명세서,1130,660,470,높음,70,기타,권고사직
퇴직금정산방법,1120,290,830,높음,70,정보,퇴직금계산
시간외수당계산기,1100,530,570,낮음,70,정보,퇴직금계산
연차촉진제,1080,710,370,높음,70,기타,연차수당
연차일수계산기,1070,680,390,낮음,70,정보,연차수당
권고사직사직서,1060,540,520,중간,70,기타,사직서
장해급여,1050,410,640,높음,70,기타,임금체불
실업급여문의,1050,300,750,높음,70,기타,직장내괴롭힘
퇴직서,1040,320,720,높음,70,기타,사직서
실업급여지급기간,1010,290,720,높음,70,기타,실업급여조건
주휴수당계산방법,990,340,650,낮음,70,정보,해고예고수당
1년미만연차,990,400,590,높음,70,기타,연차수당
연차휴가,970,450,520,높음,70,기타,연차수당
휴일근무수당계산,950,440,510,높음,70,정보,퇴직금계산
연차유급휴가,930,350,580,높음,70,기타,연차수당
퇴사후실업급여,930,110,820,높음,70,기타,실업급여조건
통상임금계산,910,700,210,낮음,70,정보,권고사직
권고사직서,910,570,340,높음,70,기타,부당해고구제신청
퇴직확인서,900,460,440,높음,70,기타,이직확인서
최저임금법,870,650,220,높음,70,기타,임금체불
해고통지서,860,470,390,높음,70,기타,사직서
실업급여수급자격,840,240,600,높음,70,기타,권고사직
일용근로자,830,390,440,높음,70,기타,연차수당
월급일할계산,820,360,460,낮음,70,정보,연차수당
실업급여필요서류,810,270,540,높음,70,기타,실업급여조건
연차발생,780,430,350,높음,70,기타,권고사직
퇴직금계산기준,780,240,540,낮음,70,정보,퇴직금계산
퇴직시연차수당,780,260,520,높음,70,기타,퇴직금계산
퇴직연금가입방법,770,280,490,높음,70,정보,퇴직금
회계년도연차계산기,770,490,280,낮음,70,정보,연차수당
연차회계년도기준,770,380,390,높음,70,정보,연차수당
퇴직연금종류,750,290,460,높음,70,정보,퇴직금계산
근로확인서,740,370,370,중간,70,기타,이직확인서
휴일수당계산기,730,280,450,낮음,70,정보,해고예고수당
연차수당미지급,700,220,480,높음,70,의뢰,연차수당
감시단속적근로자,690,370,320,높음,70,기타,권고사직
실업급여대상,690,250,440,중간,70,기타,해고
급여명세표,690,370,320,높음,70,기타,퇴직금계산
공무원수당규정,690,530,160,높음,70,기타,직장내괴롭힘
연차사용계획서,680,520,160,높음,70,기타,연차수당
고용노동부퇴직금신고,670,160,510,낮음,70,의뢰,권고사직
연차사용,670,230,440,높음,70,기타,연차수당
주차수당,650,250,400,중간,70,기타,해고예고수당
미사용연차수당,640,290,350,높음,70,기타,직장내괴롭힘
사직서양식무료,630,440,190,중간,70,정보,사직서
임금체불진정서,630,330,300,중간,70,의뢰,권고사직
임원퇴직금한도,630,470,160,높음,70,기타,퇴직금계산
주근로시간,630,220,410,높음,70,기타,연차수당
정리해고,610,220,390,높음,70,기타,권고사직
탄력적근로시간제,610,360,250,높음,70,기타,권고사직
체불임금확인서,610,230,380,중간,70,의뢰,해고예고수당
프리랜서근로계약서,590,280,310,높음,70,기타,퇴직금
퇴직금신청,590,90,500,높음,70,기타,퇴직금계산
퇴직금명세서,580,210,370,높음,70,기타,퇴직금계산
인턴월급,580,90,490,높음,70,기타,연차수당
잔업수당계산,570,100,470,높음,70,정보,해고예고수당
퇴직급여충당금,570,400,170,중간,70,기타,퇴직금계산
일용근로소득,570,270,300,높음,70,기타,연차수당
고용노동부임금체불,560,250,310,중간,70,의뢰,해고예고수당
퇴직금지급기한,560,210,350,높음,70,기타,정리해고
연차일수,560,250,310,높음,70,기타,연차수당
성희롱성폭력예방교육,560,310,250,높음,70,의뢰,직장내괴롭힘
실업급여동영상교육,560,160,400,높음,70,기타,실업급여조건
실업급여부정수급사례,550,120,430,높음,70,기타,임금체불
연차신청서,550,410,140,높음,70,기타,연차수당
6개월퇴직금,540,80,460,낮음,70,기타,퇴직금계산
급여일할계산,540,470,70,낮음,70,정보,연차수당
농협은행퇴직연금,530,380,150,중간,70,기타,직장내괴롭힘
해고통지서양식,530,370,160,높음,70,정보,실업급여조건
업무인수인계서,520,410,110,높음,70,기타,사직서
근로자지위확인소송,520,90,430,높음,70,의뢰,권고사직
DC형퇴직연금,510,280,230,높음,70,기타,퇴직금계산
근로계약서작성방법,500,180,320,높음,70,정보,사직서
퇴직금세금공제,500,140,360,높음,70,기타,퇴직금계산
사직서무료양식,490,360,130,중간,70,정보,사직서
의정부노동청,490,110,380,중간,70,기타,퇴직금
퇴직소득지급명세서,490,390,100,높음,70,기타,퇴직금계산
퇴직연금수익률,490,160,330,높음,70,기타,퇴직금계산
퇴직연금이란,490,120,370,높음,70,정보,퇴직금계산
퇴직연금수령기간,470,120,350,높음,70,기타,퇴직금계산
급여내역서,450,230,220,높음,70,기타,권고사직
급여명세서양식무료,450,370,80,높음,70,정보,퇴직금계산
노동청진정,450,210,240,높음,70,의뢰,노동청진정
계약직근로계약서,440,290,150,높음,70,기타,사직서양식
월급제주휴수당,440,130,310,높음,70,기타,해고예고수당
퇴직금통상임금,440,250,190,높음,70,기타,퇴직금계산
무료사직서양식,420,310,110,낮음,70,정보,사직서
추가근무수당,420,140,280,높음,70,기타,해고예고수당
마곡노무사,420,240,180,높음,70,의뢰,임금체불
해고예고통지서,410,260,150,높음,70,기타,권고사직
퇴직금산정내역서,410,230,180,높음,70,기타,퇴직금계산
잔업수당계산기,400,70,330,낮음,70,정보,해고예고수당
실업급여신청시필요서류,400,120,280,중간,70,기타,실업급여조건
업무인수인계양식,390,340,50,높음,70,정보,사직서
직장내괴롭힘판단기준,390,130,260,높음,70,의뢰,권고사직
비급여동의서,390,260,130,높음,70,기타,퇴직금계산
퇴직금추계액,380,240,140,높음,70,기타,퇴직금계산
퇴직금정산내역서,380,170,210,높음,70,기타,퇴직금계산
임금피크제란,370,130,240,높음,70,기타,해고예고수당
근로소득세세율,370,200,170,중간,70,정보,퇴직금계산
임금대장양식,370,240,130,높음,70,정보,퇴직금계산
퇴사절차,360,60,300,높음,70,기타,퇴사절차
강노무사,360,30,330,중간,70,의뢰,권고사직
임금계산,360,180,180,낮음,70,정보,권고사직
수습기간근로계약서,350,120,230,높음,70,기타,사직서양식
고용노동부실업급여신청,350,160,190,중간,70,기타,권고사직
일용직급여,350,150,200,높음,70,기타,퇴직금계산
단기근로계약서,340,190,150,높음,70,기타,사직서
성남노동청,340,90,250,높음,70,기타,부당해고
연장근로시간,340,160,180,높음,70,기타,연차수당
연장근로수당계산기,330,190,140,낮음,70,정보,연차수당
통상임금퇴직금계산,330,190,140,낮음,70,정보,주휴수당
직장내괴롭힘예방교육자료,330,310,20,높음,70,의뢰,직장내괴롭힘
근로사실확인서,330,190,140,중간,70,기타,이직확인서
업무인수인계서양식,320,290,30,중간,70,정보,사직서
퇴사처리,320,140,180,높음,70,기타,권고사직
야간수당계산,320,120,200,낮음,70,정보,해고예고수당
임원퇴직금,320,160,160,높음,70,기타,부당해고구제신청
퇴직금중간정산신청서,320,270,50,중간,70,기타,퇴직금계산
실업급여부정수급벌금,320,80,240,중간,70,기타,임금체불
연차이월,320,150,170,높음,70,기타,연차수당
실업급여구직활동인정방법,320,130,190,높음,70,정보,실업급여조건
퇴직확인서양식,320,230,90,중간,70,정보,이직확인서
외국인표준근로계약서,310,280,30,중간,70,기타,사직서
직장괴롭힘,310,70,240,높음,70,의뢰,권고사직
급여신고,310,110,200,높음,70,의뢰,퇴직금계산
권고사직사직서양식,300,200,100,중간,70,정보,사직서
중앙노동위원회재심,300,130,170,높음,70,기타,권고사직
퇴직연금추천,290,110,180,높음,70,정보,퇴직금
임금채권,290,150,140,높음,70,기타,임금채권
연차소진,290,110,180,높음,70,기타,연차수당
회사연차,290,80,210,높음,70,기타,연차수당
급여지급명세서,290,160,130,높음,70,기타,연차수당
해고통보,280,90,190,높음,70,기타,권고사직
인턴급여,280,70,210,높음,70,기타,연차수당
해고예고,270,130,140,높음,70,기타,권고사직
급여소득세율,270,120,150,높음,70,정보,연차수당
근로기준법위반,260,100,160,높음,70,정보,권고사직
퇴직금신청기간,260,20,240,높음,70,기타,권고사직
실업급여부정수급자진신고,260,80,180,높음,70,의뢰,임금체불
연차발생계산기,260,200,60,낮음,70,정보,연차수당
급여명세서발급방법,260,110,150,높음,70,정보,연차수당
연차수당통상임금,260,170,90,중간,70,기타,연차수당
공인노무사법,250,170,80,높음,70,의뢰,권고사직
직장내괴롭힘금지법,250,150,100,높음,70,의뢰,권고사직
개인형퇴직연금,250,120,130,높음,70,기타,퇴직금
시급제급여계산,250,60,190,높음,70,정보,연차수당
퇴직연차계산기,250,130,120,낮음,70,정보,연차수당
일용근로계약서,240,190,50,높음,70,기타,사직서양식
국선노무사,240,80,160,중간,70,의뢰,권고사직
퇴직연금법,240,170,70,높음,70,기타,퇴직금계산
급여소득세계산,240,200,40,낮음,70,정보,퇴직금계산
연차일수계산,240,170,70,높음,70,정보,연차수당
연차대장,240,200,40,높음,70,기타,연차수당
중도입사자급여계산,240,170,70,높음,70,정보,연차수당
퇴직연차수당,240,60,180,높음,70,기타,연차수당
일용직실업급여신청방법,240,50,190,높음,70,정보,실업급여조건
실업급여신청자격,240,60,180,높음,70,기타,실업급여조건
사직서내용,230,110,120,중간,70,기타,사직서
해고절차,230,80,150,높음,70,기타,권고사직
징계해고,230,80,150,높음,70,기타,권고사직
퇴직금지급명세서,230,150,80,높음,70,기타,퇴직금계산
고용노동부급여명세서,230,170,60,높음,70,기타,연차수당
근로소득계산,230,150,80,낮음,70,정보,연차수당
실업급여조건확인,230,90,140,중간,70,정보,실업급여조건
구직급여계산,230,50,180,낮음,70,정보,실업급여조건
실업급여대상자,230,60,170,중간,70,기타,실업급여조건
야간근로수당계산,220,110,110,낮음,70,정보,해고예고수당
퇴직금지급확인서,220,160,60,높음,70,기타,퇴직금계산
회계연도기준연차계산,220,170,50,낮음,70,정보,연차수당
회계연도연차계산,220,130,90,낮음,70,정보,연차수당
일용근로자소득세,220,170,50,높음,70,기타,연차수당
실업급여대기기간,220,40,180,중간,70,기타,실업급여조건
실업급여신청하기,220,110,110,높음,70,기타,실업급여조건
급여미지급,210,60,150,높음,70,의뢰,권고사직
근로기준법제23조,210,140,70,높음,70,정보,권고사직
비과세급여,210,150,60,높음,70,기타,퇴직금계산
연차규정,210,120,90,높음,70,기타,연차수당
연장수당계산,210,130,80,낮음,70,정보,연차수당
직장내장애인인식개선교육자료,210,200,10,높음,70,기타,직장내괴롭힘
실업급여자격조건,210,40,170,높음,70,정보,실업급여조건
정규직근로계약서,200,90,110,높음,70,기타,사직서양식
임금체불확인서양식,200,140,60,높음,70,의뢰,해고예고수당
일용직퇴직금계산,200,140,60,낮음,70,정보,퇴직금계산
이직확인서처리여부조회,200,80,120,중간,70,기타,직장내괴롭힘
실업급여신청일,200,40,160,높음,70,기타,실업급여조건
근로계약,190,70,120,높음,70,기타,사직서양식
연월차수당계산,190,70,120,낮음,70,정보,해고예고수당
자격수당,190,80,110,높음,70,기타,해고예고수당
퇴직연금가입의무,190,120,70,높음,70,기타,퇴직금계산
연차관리엑셀,190,170,20,높음,70,기타,연차수당
회계연도연차,190,90,100,높음,70,기타,연차수당
연월차수당,190,60,130,중간,70,기타,연차수당
실업급여액,190,50,140,중간,70,기타,실업급여조건
노동위원회구제신청,180,80,100,높음,70,의뢰,권고사직
퇴직금상담,180,40,140,높음,70,의뢰,권고사직
연차수당지급시기,180,70,110,높음,70,기타,해고예고수당
퇴직연금압류,180,40,140,높음,70,기타,퇴직금계산
영등포노무사,180,80,100,높음,70,의뢰,직장내괴롭힘
동탄노무사,170,60,110,높음,70,의뢰,권고사직
해고무효확인소송,170,50,120,높음,70,의뢰,권고사직
퇴직연금상품,170,80,90,높음,70,기타,퇴직금계산
급여확인서,170,80,90,높음,70,기타,퇴직금계산
개인사업자퇴직금,170,40,130,높음,70,기타,퇴직금계산
퇴직연금의무가입,170,110,60,높음,70,기타,퇴직금계산
사직서서식,160,120,40,높음,70,정보,사직서
노동상담,160,50,110,낮음,70,의뢰,권고사직
임금근로자,160,70,90,높음,70,기타,퇴직금계산
월급관리,160,60,100,높음,70,기타,퇴직금계산
월급계산법,160,20,140,낮음,70,정보,퇴직금계산
실업급여인터넷신청방법,160,70,90,높음,70,정보,실업급여조건
임금체불고소,150,40,110,높음,70,의뢰,권고사직
월차수당계산방법,150,70,80,낮음,70,정보,해고예고수당
급여테이블,150,90,60,높음,70,기타,퇴직금계산
연차계산기엑셀,150,140,10,낮음,70,정보,연차수당
연차촉진양식,150,140,10,높음,70,정보,연차수당
월급여계산,150,100,50,낮음,70,정보,연차수당
실업급여수급자격신청온라인,150,40,110,중간,70,기타,실업급여조건
근로계약서서식,140,100,40,높음,70,정보,사직서양식
일용직근로자퇴직금,140,30,110,높음,70,기타,권고사직
노무사수수료,140,40,100,높음,70,의뢰,권고사직
퇴직금노무사,140,50,90,높음,70,의뢰,권고사직
직장내괴롭힘판례,140,80,60,높음,70,의뢰,권고사직
산업재해신고,140,90,50,높음,70,의뢰,권고사직
퇴직금내역서,140,40,100,높음,70,기타,퇴직금계산
통상임금퇴직금,140,90,50,높음,70,기타,퇴직금계산
퇴직금수령확인서,140,120,20,중간,70,기타,퇴직금계산
연차갯수,140,70,70,높음,70,기타,연차수당
연차양식,140,100,40,높음,70,정보,연차수당
연차보고서,140,100,40,높음,70,기타,연차수당
성남노무사,140,80,60,높음,70,의뢰,직장내괴롭힘
강릉노무사,140,30,110,높음,70,의뢰,실업급여조건
일용근로계약서양식,130,110,20,중간,70,정보,사직서
단시간근로계약서,130,100,30,높음,70,기타,사직서양식
해고서면통지,130,40,90,높음,70,기타,권고사직
강종현노무사,130,50,80,낮음,70,의뢰,권고사직
마을노무사,130,60,70,중간,70,의뢰,권고사직
시간외수당계산,130,80,50,낮음,70,정보,권고사직
일용직급여대장,130,110,20,높음,70,기타,퇴직금계산
연차관리대장엑셀,130,120,10,중간,70,기타,연차수당
근로자소득세,130,40,90,높음,70,기타,연차수당
근로자확인서,130,120,10,높음,70,기타,이직확인서
사직서쓰는방법,120,10,110,높음,70,정보,사직서
근로계약서다운로드,120,90,30,중간,70,기타,사직서양식
노동부상담,120,40,80,높음,70,의뢰,권고사직
임금체불소송,120,50,70,높음,70,의뢰,권고사직
급여계산방법,120,60,60,높음,70,정보,퇴직금계산
예상퇴직금확인서양식,120,90,30,중간,70,정보,퇴직금계산
퇴직금현금지급,120,50,70,높음,70,기타,퇴직금계산
일용직급여계산,120,100,20,높음,70,정보,퇴직금계산
연차촉진제도양식,120,110,10,높음,70,정보,연차수당
연차사용확인서,120,110,10,높음,70,기타,연차수당
초과근무수당계산,120,70,50,낮음,70,정보,연차수당
직장내괴롭힘예방,120,80,40,높음,70,의뢰,직장내괴롭힘
실업급여당일지급,120,10,110,중간,70,기타,실업급여조건
퇴사확인서양식,120,80,40,중간,70,정보,이직확인서
모바일근로계약서,110,10,100,높음,70,기타,사직서
사직서양식다운,110,100,10,높음,70,정보,사직서
공무원사직서,110,60,50,높음,70,기타,사직서
기간제근로계약서,110,70,40,높음,70,기타,사직서
인턴근로계약서,110,60,50,높음,70,기타,사직서양식
천안산재노무사,110,10,100,높음,70,의뢰,부당해고
충주노무사,110,20,90,높음,70,의뢰,부당해고
부당징계구제신청,110,70,40,높음,70,의뢰,해고예고수당
수당종류,110,60,50,중간,70,정보,퇴직금계산
퇴직급여추계액,110,80,30,높음,70,기타,퇴직금계산
연차사용촉진양식,110,100,10,높음,70,정보,연차수당
미사용연차수당계산,110,90,20,낮음,70,정보,연차수당
월급명세표,110,20,90,높음,70,기타,연차수당
분당노무사,110,50,60,높음,70,의뢰,직장내괴롭힘
퇴사대행,100,10,90,중간,70,의뢰,퇴사대행
퇴직금양식,100,60,40,중간,70,정보,사직서
급여계산법,100,30,70,높음,70,정보,권고사직
임금피크제소송,100,50,50,중간,70,의뢰,부당해고
당진노무사,100,40,60,중간,70,의뢰,부당해고
연차휴가계산,100,70,30,높음,70,정보,해고예고수당
임원퇴직금계산기,100,80,20,낮음,70,정보,퇴직금계산
임원퇴직금계산,100,90,10,낮음,70,정보,퇴직금계산
임원퇴직금규정,100,80,20,높음,70,기타,퇴직금계산
월별급여명세표,100,60,40,높음,70,기타,퇴직금계산
연차엑셀,100,90,10,높음,70,기타,연차수당
연차사용대장,100,90,10,높음,70,기타,연차수당
월급계산방법,100,20,80,낮음,70,정보,연차수당
주5일근무급여,100,10,90,낮음,70,기타,연차수당
미사용연차,100,50,50,높음,70,기타,미사용연차
순천노무사,100,30,70,중간,70,의뢰,직장내괴롭힘
퇴직대행,90,10,80,높음,70,의뢰,퇴사대행
온라인근로계약서,90,30,60,중간,70,기타,사직서
근로계약서쓰는법,90,10,80,높음,70,기타,사직서
어린이집사직서,90,50,40,중간,70,기타,사직서양식
임원근로계약서,90,60,30,높음,70,기타,사직서양식
경영상해고,90,50,40,높음,70,기타,권고사직
퇴직금문의,90,30,60,높음,70,기타,권고사직
목포노무사,90,20,70,높음,70,의뢰,권고사직
성수동노무사,90,20,70,중간,70,의뢰,권고사직
오산노무사,90,20,70,높음,70,의뢰,권고사직
근로자계약서,90,40,50,높음,70,기타,퇴직금
급여계산엑셀,90,70,20,높음,70,정보,퇴직금계산
급여명세표양식,90,70,20,높음,70,정보,퇴직금계산
울산산재,90,40,50,높음,70,기타,임금체불
비례연차계산,90,80,10,낮음,70,정보,연차수당
회계일기준연차계산기,90,80,10,낮음,70,정보,연차수당
회계연도연차계산기,90,60,30,낮음,70,정보,연차수당
급여인상률,90,40,50,낮음,70,기타,연차수당
급여세금계산,90,40,50,높음,70,정보,연차수당
급여명세서엑셀,90,80,10,높음,70,기타,야근수당
실업급여워크넷구직신청,90,30,60,중간,70,기타,실업급여조건
자영업자실업급여신청방법,90,30,60,높음,70,정보,실업급여조건
사직서양식엑셀,80,70,10,중간,70,정보,사직서
근로계약서예시,80,50,30,높음,70,기타,사직서
표준근로계약서양식무료,80,60,20,중간,70,정보,사직서
부당징계,80,30,50,높음,70,의뢰,권고사직
실업급여노무사상담,80,10,70,높음,70,의뢰,권고사직
무료상담노무사,80,30,50,높음,70,의뢰,권고사직
노동법원,80,30,50,중간,70,기타,권고사직
노무사무소,80,30,50,높음,70,의뢰,권고사직
노동부임금체불,80,40,40,높음,70,의뢰,해고예고수당
식대통상임금,80,50,30,낮음,70,기타,해고예고수당
해고통지,80,40,40,높음,70,기타,해고통지
급여명세서소득세,80,40,40,높음,70,기타,퇴직금계산
구로디지털단지노무사,80,20,60,중간,70,의뢰,임금체불
실업급여부정수급노무사,80,20,60,높음,70,의뢰,임금체불
입사일기준연차,80,50,30,높음,70,정보,연차수당
연차사용신청서,80,70,10,높음,70,기타,연차수당
실업급여타는방법,80,10,70,높음,70,정보,실업급여조건
실업급여대상확인,80,20,60,중간,70,기타,실업급여조건
사직서작성,70,30,40,높음,70,기타,사직서
근로계약서작성법,70,20,50,높음,70,기타,사직서
일일근로계약서,70,30,40,높음,70,기타,사직서
시간제근로계약서,70,40,30,높음,70,기타,사직서
수습기간급여계산,70,20,50,낮음,70,정보,사직서
실업급여노무사,70,20,50,높음,70,의뢰,권고사직
강동구노무사,70,30,40,높음,70,의뢰,권고사직
아산노무사,70,10,60,중간,70,의뢰,부당해고
송파노무사,70,10,60,높음,70,의뢰,부당해고
퇴직연금비교,70,30,40,높음,70,기타,퇴직금
퇴직금진정서,70,20,50,높음,70,의뢰,퇴직금계산
임금계약서,70,50,20,높음,70,기타,퇴직금계산
포괄임금근로계약서,70,40,30,높음,70,기타,퇴직금계산
급여미지급확인서,70,50,20,높음,70,의뢰,퇴직금계산
회계일기준연차,70,60,10,높음,70,정보,연차수당
근로자연차,70,20,50,높음,70,기타,연차수당
급여명세서항목,70,40,30,높음,70,기타,연차수당
잔여연차계산,70,50,20,낮음,70,정보,연차수당
중도입사자연차계산,70,50,20,낮음,70,정보,연차수당
초과수당계산,70,20,50,낮음,70,정보,연차수당
실업급여조건6개월,70,20,50,중간,70,정보,실업급여조건
실업급여타는법,70,10,60,중간,70,기타,실업급여조건
실업급여신청은어디서,70,10,60,높음,70,기타,실업급여조건
실업급여연장방법,70,20,50,높음,70,정보,실업급여조건
부당해고구제신청노무사,60,20,40,높음,70,의뢰,권고사직
임금체불무료상담,60,20,40,높음,70,의뢰,권고사직
공인노무사상담,60,20,40,높음,70,의뢰,권고사직
용산노무사,60,10,50,중간,70,의뢰,권고사직
체불임금진정서,60,40,20,높음,70,의뢰,권고사직
노무사선임,60,30,30,높음,70,의뢰,권고사직
노동조합설립,60,20,40,높음,70,기타,부당해고
임금삭감,60,30,30,높음,70,기타,해고예고수당
최저임금법위반,60,20,40,중간,70,기타,해고예고수당
연장근무수당계산기,60,30,30,낮음,70,정보,퇴직금계산
중도퇴사자급여계산,60,50,10,낮음,70,정보,퇴직금계산
퇴직금정산법,60,10,50,높음,70,기타,퇴직금계산
평균임금산정내역서,60,50,10,높음,70,기타,퇴직금계산
퇴직금계산양식,60,50,10,높음,70,정보,퇴직금계산
퇴직금계산기엑셀,60,50,10,높음,70,정보,퇴직금계산
퇴직금계산엑셀,60,50,10,낮음,70,정보,퇴직금계산
급여명세서작성,60,30,30,높음,70,기타,퇴직금계산
급여명세서계산,60,40,20,높음,70,정보,퇴직금계산
월급체불,60,10,50,높음,70,의뢰,월급체불
연차계산방법,60,40,20,높음,70,정보,연차수당
연차관리엑셀양식,60,50,10,높음,70,정보,연차수당
연차휴가신청서,60,50,10,높음,70,기타,연차수당
3교대급여,60,10,50,중간,70,기타,연차수당
공동연차,60,40,20,낮음,70,기타,연차수당
급여명세서교부,60,50,10,높음,70,기타,연차수당
급여봉투,60,50,10,높음,70,기타,연차수당
법인대표급여,60,20,40,높음,70,기타,연차수당
일용직급여명세서서식,60,50,10,중간,70,정보,연차수당
휴일근로수당계산,60,50,10,낮음,70,정보,연차수당
휴일근무수당계산기,60,30,30,낮음,70,정보,연차수당
급여명세서양식다운로드,60,50,10,높음,70,정보,야근수당
성희롱형사처벌,60,20,40,높음,70,의뢰,직장내괴롭힘
직장내성희롱예방,60,40,20,높음,70,의뢰,직장내괴롭힘
직장내성희롱예방교육동영상,60,50,10,높음,70,의뢰,직장내괴롭힘
근로계약서교부확인서,50,40,10,높음,70,기타,사직서
사업소득자근로계약서,50,40,10,중간,70,기타,사직서
초단시간근로계약서,50,40,10,높음,70,기타,사직서
포괄근로계약서,50,30,20,높음,70,기타,사직서
갑질예방교육,50,40,10,높음,70,의뢰,권고사직
노무사자문,50,30,20,높음,70,의뢰,권고사직
육아휴직노무사,50,10,40,높음,70,의뢰,권고사직
노동법교육,50,40,10,높음,70,기타,권고사직
연봉근로계약서,50,40,10,높음,70,기타,권고사직
부당해고구제신청서,50,40,10,높음,70,의뢰,권고사직
안성노무사,50,10,40,높음,70,의뢰,해고
서산노무사,50,10,40,중간,70,의뢰,부당해고
부당해고처벌,50,30,20,높음,70,의뢰,해고예고수당
급여계산기엑셀,50,40,10,낮음,70,정보,퇴직금계산
갑종근로소득세율,50,20,30,중간,70,정보,퇴직금계산
퇴직금지급명세서양식,50,40,10,높음,70,정보,퇴직금계산
퇴직금명세서양식,50,40,10,높음,70,정보,퇴직금계산
퇴직금지급신청서,50,30,20,높음,70,기타,퇴직금계산
시급제퇴직금,50,10,40,높음,70,기타,퇴직금계산
퇴직금관련문의,50,20,30,높음,70,기타,퇴직금계산
동대문구노무사,50,10,40,높음,70,의뢰,임금체불
회계연도기준연차계산기,50,40,10,낮음,70,정보,연차수당
연차계산엑셀,50,40,10,중간,70,정보,연차수당
연차휴가일수,50,30,20,높음,70,기타,연차수당
급여산정,50,30,20,낮음,70,기타,연차수당
급여정산,50,20,30,낮음,70,기타,연차수당
연차발생일수,50,30,20,높음,70,기타,연차수당
연차사용촉진안내문,50,40,10,높음,70,기타,연차수당
연차촉진공문,50,40,10,높음,70,기타,연차수당
인사급여실무,50,20,30,중간,70,기타,연차수당
일용직급여세금,50,30,20,높음,70,기타,연차수당
일일급여계산,50,20,30,낮음,70,정보,연차수당
평균급여계산,50,20,30,높음,70,정보,연차수당
서초근로복지공단,50,20,30,낮음,70,기타,직장내괴롭힘
기준임금,50,30,20,높음,70,정보,직장내괴롭힘
실업급여1차신청,50,10,40,중간,70,기타,실업급여조건
실업급여신청시필요한서류,50,20,30,중간,70,기타,실업급여조건
공무원사직서양식,40,30,10,중간,70,정보,사직서
권고사직서양식다운,40,30,10,높음,70,정보,사직서
사직서견본,40,10,30,높음,70,기타,사직서
근로계약서다운,40,30,10,높음,70,기타,사직서
단기근로자근로계약서,40,30,10,높음,70,기타,사직서
대체인력근로계약서,40,30,10,높음,70,기타,사직서
사업소득근로계약서,40,30,10,높음,70,기타,사직서
연봉제근로계약서,40,30,10,높음,70,기타,사직서
육아휴직근로계약서,40,20,20,높음,70,기타,사직서
음식점근로계약서,40,20,20,높음,70,기타,사직서
퇴직감사장,40,10,30,높음,70,기타,사직서
간호사직무기술서,40,20,20,높음,70,기타,사직서양식
급여규정,40,30,10,높음,70,기타,권고사직
퇴직금민사소송비용,40,10,30,높음,70,의뢰,권고사직
미용실노무사,40,30,10,높음,70,의뢰,권고사직
직장내괴롭힘전문노무사,40,30,10,높음,70,의뢰,권고사직
직장내괴롭힘전문,40,30,10,높음,70,의뢰,권고사직
노무사근로계약서,40,20,20,높음,70,의뢰,권고사직
성동구노무사,40,10,30,높음,70,의뢰,권고사직
직장내괴롭힘노무사상담,40,10,30,높음,70,의뢰,권고사직
기업노무사,40,10,30,높음,70,의뢰,권고사직
시간제근로자,40,30,10,높음,70,기타,권고사직
사직서퇴직금,40,10,30,높음,70,기타,권고사직
성수노무사,40,10,30,중간,70,의뢰,권고사직
대전산재,40,10,30,높음,70,기타,권고사직
대전노동위원회,40,10,30,낮음,70,기타,해고
화성노무사,40,20,20,높음,70,의뢰,해고
제천노무사,40,10,30,높음,70,의뢰,부당해고
송파구노무사,40,20,20,높음,70,의뢰,부당해고
부당해고금전보상,40,10,30,높음,70,의뢰,해고예고수당
연차수당계정과목,40,30,10,높음,70,기타,해고예고수당
출납수당,40,20,20,높음,70,기타,해고예고수당
요식업근로계약서,40,20,20,높음,70,기타,퇴직금
퇴직금지급확인서양식,40,30,10,높음,70,정보,퇴직금계산
퇴직금예상확인서,40,30,10,높음,70,기타,퇴직금계산
퇴직연금수령금액,40,20,20,높음,70,기타,퇴직금계산
포괄임금계약서,40,30,10,높음,70,기타,퇴직금계산
급여관리엑셀,40,30,10,높음,70,기타,퇴직금계산
급여업무,40,20,20,높음,70,기타,퇴직금계산
양주노무사,40,10,30,높음,70,의뢰,임금체불
연차갯수계산기,40,30,10,낮음,70,정보,연차수당
연차휴가관리대장,40,30,10,높음,70,기타,연차수당
입사일기준연차계산기,40,30,10,낮음,70,정보,연차수당
중도퇴사자연차수당,40,30,10,높음,70,기타,연차수당
교대근무급여계산기,40,10,30,낮음,70,정보,연차수당
연차일수산정,40,20,20,높음,70,기타,연차수당
퇴사자연차계산,40,30,10,낮음,70,정보,연차수당
경업금지약정,40,30,10,높음,70,기타,주휴수당
고용노동부지정교육기관,40,30,10,높음,70,기타,직장내괴롭힘
은평구노무사,40,10,30,높음,70,의뢰,직장내괴롭힘
중랑구노무사,40,10,30,높음,70,의뢰,직장내괴롭힘
실업급여날짜확인,40,10,30,높음,70,기타,실업급여조건
실업급여신청고용센터,40,10,30,중간,70,기타,실업급여조건
실업급여연기신청,40,10,30,중간,70,기타,실업급여조건
영문사직서,30,20,10,높음,70,기타,사직서
표준사직서양식,30,20,10,높음,70,정보,사직서
사직서무료,30,20,10,중간,70,기타,사직서
기간제근로계약서양식,30,20,10,높음,70,정보,사직서
단기계약직근로계약서,30,20,10,높음,70,기타,사직서
단시간근로계약서양식,30,20,10,높음,70,정보,사직서
표준근로계약서엑셀,30,20,10,높음,70,기타,사직서
근로계약서양식무료,30,20,10,중간,70,정보,사직서
퇴사양식,30,10,20,높음,70,정보,사직서
급여명세,30,10,20,높음,70,기타,사직서양식
급여표,30,20,10,높음,70,기타,사직서양식
노동법퇴사,30,10,20,높음,70,기타,권고사직
노무사법인,30,10,20,높음,70,의뢰,권고사직
부당해고노무사상담,30,10,20,높음,70,의뢰,권고사직
잠실노무사,30,10,20,높음,70,의뢰,권고사직
부당해고답변서,30,20,10,높음,70,의뢰,권고사직
부당해고무료상담,30,10,20,높음,70,의뢰,권고사직
근로계약서노무사,30,10,20,높음,70,의뢰,권고사직
무료산재상담,30,10,20,높음,70,의뢰,권고사직
직장내괴롭힘노무법인,30,10,20,높음,70,의뢰,권고사직
임금체불전문변호사,30,10,20,높음,70,의뢰,권고사직
회사노무사,30,10,20,높음,70,의뢰,권고사직
직장내괴롭힘전문변호사,30,20,10,높음,70,의뢰,권고사직
근로기준법위반사례,30,10,20,높음,70,정보,권고사직
소액임금체불,30,10,20,높음,70,의뢰,권고사직
노무사컨설팅,30,10,20,높음,70,의뢰,권고사직
평촌노무사,30,10,20,중간,70,의뢰,해고
지석만노무사,30,10,20,낮음,70,의뢰,부당해고
홍성노무사,30,10,20,중간,70,의뢰,부당해고
속초노무사,30,10,20,높음,70,의뢰,부당해고
경기도노무사,30,10,20,높음,70,의뢰,부당해고
노무사상담전화,30,10,20,높음,70,의뢰,부당해고
노무사착수금,30,10,20,높음,70,의뢰,부당해고
야간수당계산방법,30,10,20,낮음,70,정보,해고예고수당
연차수당명세서,30,20,10,높음,70,기타,해고예고수당
월차수당지급기준,30,20,10,높음,70,정보,해고예고수당
일용직연장수당,30,20,10,높음,70,기타,해고예고수당
통상임금산정,30,20,10,높음,70,기타,해고예고수당
퇴직금중간정산확인서,30,20,10,중간,70,기타,퇴직금계산
퇴직금중도정산신청서,30,20,10,높음,70,기타,퇴직금계산
퇴직금신청서,30,20,10,높음,70,기타,퇴직금계산
명예퇴직금계산,30,10,20,낮음,70,정보,퇴직금계산
퇴직금정산서양식,30,20,10,높음,70,정보,퇴직금계산
퇴직금지급합의서,30,20,10,높음,70,기타,퇴직금계산
급여엑셀,30,20,10,높음,70,기타,퇴직금계산
급여명세서무료,30,20,10,높음,70,기타,퇴직금계산
급여수당,30,10,20,높음,70,기타,퇴직금계산
급여관리대행,30,20,10,높음,70,의뢰,퇴직금계산
급여관리대장,30,20,10,높음,70,기타,퇴직금계산
엑셀급여대장,30,20,10,높음,70,기타,퇴직금계산
동두천근로복지공단,30,10,20,낮음,70,기타,임금체불
실업급여부정수급공모,30,20,10,중간,70,기타,임금체불
혈액암산재,30,10,20,높음,70,기타,임금체불
노무사찾기,30,20,10,높음,70,의뢰,임금체불
실업급여부정수급변호사,30,10,20,높음,70,의뢰,임금체불
연차회계일기준,30,20,10,높음,70,정보,연차수당
회계년도기준연차계산,30,20,10,높음,70,정보,연차수당
회계년도기준연차계산기,30,20,10,높음,70,정보,연차수당
연차사용촉진공문,30,20,10,높음,70,기타,연차수당
연차자동계산,30,20,10,높음,70,정보,연차수당
근로기준법연차발생기준,30,20,10,높음,70,정보,연차수당
엑셀연차계산,30,20,10,중간,70,정보,연차수당
연차사용계산기,30,20,10,낮음,70,정보,연차수당
연차자동계산기,30,20,10,낮음,70,정보,연차수당
근로기준법연차일수,30,20,10,높음,70,정보,연차수당
급여어플,30,10,20,높음,70,기타,연차수당
소정근로시간계산기,30,20,10,낮음,70,정보,연차수당
연차정리,30,20,10,높음,70,기타,연차수당
계약직급여계산,30,10,20,낮음,70,정보,연차수당
급여간이세액표,30,20,10,높음,70,기타,연차수당
급여계산하는법,30,10,20,낮음,70,정보,연차수당
급여역산,30,20,10,낮음,70,기타,연차수당
급여지급내역서양식,30,20,10,높음,70,정보,연차수당
남은연차계산,30,20,10,낮음,70,정보,연차수당
시간제급여,30,10,20,높음,70,기타,연차수당
연차지급시기,30,10,20,높음,70,기타,연차수당
연차확인,30,10,20,높음,70,기타,연차수당
월급급여명세서,30,10,20,높음,70,기타,연차수당
일용근로자소득세계산,30,20,10,높음,70,정보,연차수당
일용직월급,30,10,20,높음,70,기타,연차수당
직원급여명세서,30,10,20,높음,70,기타,연차수당
회사급여명세서,30,10,20,높음,70,기타,연차수당
근로자법정교육,30,20,10,높음,70,기타,직장내괴롭힘
직장내괴롭힘예방교육의무,30,20,10,높음,70,의뢰,직장내괴롭힘
직장내괴롭힘예방교육강사,30,20,10,높음,70,의뢰,직장내괴롭힘
노원노무사,30,10,20,높음,70,의뢰,직장내괴롭힘
판교노무사,30,10,20,높음,70,의뢰,직장내괴롭힘
구월동노무사,30,10,20,높음,70,의뢰,직장내괴롭힘
성북구노무사,30,10,20,높음,70,의뢰,직장내괴롭힘
서초동노무사,30,10,20,높음,70,의뢰,직장내괴롭힘
근속수당통상임금,30,20,10,중간,70,기타,직장내괴롭힘
간호사직무교육,30,10,20,높음,70,기타,직장내괴롭힘
성희롱예방교육온라인,30,20,10,높음,70,의뢰,직장내괴롭힘
고용노동부인증기관,30,20,10,높음,70,기타,직장내괴롭힘
실업급여모바일,30,10,20,중간,70,기타,실업급여조건
실업급여신청조건확인,30,10,20,높음,70,정보,실업급여조건
실업급여어디서,30,10,20,높음,70,기타,실업급여조건
경업금지가처분,30,20,10,높음,70,기타,경업금지
퇴직대행서비스,20,10,10,높음,70,의뢰,퇴사대행
퇴사대행서비스,20,10,10,높음,70,의뢰,퇴사대행
퇴사대행업체,20,10,10,높음,70,의뢰,퇴사대행
근로계약서전자,20,10,10,높음,70,기타,사직서
근로계약서전자계약,20,10,10,높음,70,기타,사직서
권고사직서식,20,10,10,중간,70,정보,사직서
무료사직서양식다운로드,20,10,10,높음,70,정보,사직서
사직서양식무료다운,20,10,10,높음,70,정보,사직서
외국인근로자사직서,20,10,10,중간,70,기타,사직서
임원사직서,20,10,10,중간,70,기타,사직서
표준사직서,20,10,10,중간,70,기타,사직서
회사사직서양식,20,10,10,중간,70,정보,사직서
사직서무료다운로드,20,10,10,중간,70,기타,사직서
무료사직서,20,10,10,중간,70,기타,사직서
명예퇴직원,20,10,10,높음,70,기타,사직서
사직권고장,20,10,10,중간,70,기타,사직서
퇴직금지급조서,20,10,10,높음,70,기타,사직서
사직서무료다운,20,10,10,낮음,70,기타,사직서
5인이상근로계약서,20,10,10,중간,70,기타,사직서
전자근로계약서양식,20,10,10,중간,70,정보,사직서
전자근로계약서작성,20,10,10,높음,70,기타,사직서
퇴직금서식,20,10,10,높음,70,정보,사직서
퇴직금지급양식,20,10,10,높음,70,정보,사직서
명예퇴직사유,20,10,10,중간,70,기타,사직서
5인미만근로계약서양식,20,10,10,높음,70,정보,사직서
건설업근로계약서,20,10,10,높음,70,기타,사직서
건설현장근로계약서,20,10,10,높음,70,기타,사직서
경비원근로계약서,20,10,10,높음,70,기타,사직서
교대근무근로계약서,20,10,10,중간,70,기타,사직서
근로계약서견본,20,10,10,높음,70,기타,사직서
근로계약서관리,20,10,10,중간,70,기타,사직서
근로계약서교부대장,20,10,10,높음,70,기타,사직서
근로계약서무료다운,20,10,10,높음,70,기타,사직서
근로복지공단근로계약서,20,10,10,중간,70,기타,사직서
근로자파견근로계약서,20,10,10,높음,70,기타,사직서
기본근로계약서,20,10,10,중간,70,기타,사직서
단기간근로계약서양식,20,10,10,높음,70,정보,사직서
대기업근로계약서,20,10,10,높음,70,기타,사직서
도급근로계약서,20,10,10,중간,70,기타,사직서
무료표준근로계약서양식,20,10,10,높음,70,정보,사직서
비상근근로계약서,20,10,10,높음,70,기타,사직서
선원근로계약서,20,10,10,높음,70,기타,사직서
요식업근로계약서양식,20,10,10,높음,70,정보,사직서
제조업근로계약서,20,10,10,높음,70,기타,사직서
조리사근로계약서,20,10,10,낮음,70,기타,사직서
포괄연봉제근로계약서,20,10,10,높음,70,기타,사직서
표준근로계약서무료양식,20,10,10,높음,70,정보,사직서
고용노동부근로자명부,20,10,10,중간,70,기타,사직서
기본사직서양식,20,10,10,중간,70,정보,사직서
사내근로복지기금협의회회의록,20,10,10,중간,70,기타,사직서
외국인근로자명부,20,10,10,높음,70,기타,사직서
인사급여,20,10,10,높음,70,기타,사직서
인사급여관리,20,10,10,높음,70,기타,사직서
퇴사신청서양식,20,10,10,중간,70,정보,사직서
퇴사안내문,20,10,10,높음,70,기타,사직서
퇴사품의서,20,10,10,높음,70,기타,사직서
퇴직관련서류,20,10,10,높음,70,기타,사직서
퇴직규정,20,10,10,높음,70,기타,사직서
희망퇴직서,20,10,10,높음,70,기타,사직서
급여결정통지서,20,10,10,높음,70,기타,사직서양식
급여기안서,20,10,10,높음,70,기타,사직서양식
급여변경신청서,20,10,10,높음,70,기타,사직서양식
급여사실확인서,20,10,10,높음,70,기타,사직서양식
급여세부내역,20,10,10,높음,70,기타,사직서양식
급여위임장,20,10,10,높음,70,기타,사직서양식
급여인상양식,20,10,10,낮음,70,정보,사직서양식
급여지급신청서,20,10,10,높음,70,기타,사직서양식
회사인수인계서,20,10,10,중간,70,기타,사직서양식
무료근로계약서,20,10,10,높음,70,기타,사직서양식
퇴사의사표시,20,10,10,중간,70,기타,퇴사의사표시
노동부노무사,20,10,10,높음,70,의뢰,권고사직
부당정직,20,10,10,높음,70,의뢰,권고사직
임금체계컨설팅,20,10,10,높음,70,기타,권고사직
병의원전문노무사,20,10,10,높음,70,의뢰,권고사직
권고사직상담,20,10,10,높음,70,의뢰,권고사직
사업주전문노무사,20,10,10,높음,70,의뢰,권고사직
임금컨설팅,20,10,10,높음,70,기타,권고사직
부당해고전문,20,10,10,높음,70,의뢰,권고사직
중앙노동위원회전문노무사,20,10,10,중간,70,의뢰,권고사직
부당해고노무법인,20,10,10,높음,70,의뢰,권고사직
대구노무사무료상담,20,10,10,높음,70,의뢰,권고사직
대전노무사무료상담,20,10,10,높음,70,의뢰,권고사직
실업급여무료상담,20,10,10,높음,70,의뢰,권고사직
부당해고전문노무사,20,10,10,높음,70,의뢰,권고사직
공인노무사무료상담,20,10,10,높음,70,의뢰,권고사직
노동법무료상담,20,10,10,높음,70,의뢰,권고사직
노무사무료인강,20,10,10,높음,70,의뢰,권고사직
법인노무사,20,10,10,높음,70,의뢰,권고사직
직장내성희롱노무사,20,10,10,높음,70,의뢰,권고사직
중앙노동위원회노무사,20,10,10,높음,70,의뢰,권고사직
임금체불노무사상담,20,10,10,높음,70,의뢰,권고사직
노무사문의,20,10,10,높음,70,의뢰,권고사직
산재연금인상,20,10,10,중간,70,기타,권고사직
주휴수당노무사,20,10,10,높음,70,의뢰,권고사직
노동법원노무사,20,10,10,낮음,70,의뢰,권고사직
공인노무사사무실,20,10,10,높음,70,의뢰,권고사직
노무사임금체불,20,10,10,높음,70,의뢰,권고사직
직장내성희롱대처,20,10,10,높음,70,의뢰,권고사직
중대재해처벌법노무사,20,10,10,높음,70,의뢰,권고사직
해고노무사,20,10,10,높음,70,의뢰,권고사직
노무사계약서,20,10,10,높음,70,의뢰,권고사직
중대재해노무사,20,10,10,높음,70,의뢰,권고사직
여성노무사,20,10,10,높음,70,의뢰,권고사직
여자노무사,20,10,10,높음,70,의뢰,권고사직
기업전문노무사,20,10,10,높음,70,의뢰,권고사직
근로계약서자문,20,10,10,높음,70,기타,권고사직
노동법노무사,20,10,10,높음,70,의뢰,권고사직
연차수당노무사,20,10,10,높음,70,의뢰,권고사직
연차수당상담,20,10,10,높음,70,의뢰,권고사직
주휴수당상담,20,10,10,높음,70,의뢰,권고사직
퇴직급여상담,20,10,10,높음,70,의뢰,권고사직
스타트업노무사,20,10,10,중간,70,의뢰,권고사직
공인노무사사무소,20,10,10,높음,70,의뢰,권고사직
서초구노무사,20,10,10,높음,70,의뢰,권고사직
요식업노무사,20,10,10,중간,70,의뢰,권고사직
산재처리노무사,20,10,10,높음,70,의뢰,권고사직
사업자노무사,20,10,10,높음,70,의뢰,권고사직
병의원노무사,20,10,10,중간,70,의뢰,권고사직
강남역노무사,20,10,10,높음,70,의뢰,권고사직
여의도노무사,20,10,10,높음,70,의뢰,권고사직
사측노무사,20,10,10,높음,70,의뢰,권고사직
역삼노무사,20,10,10,높음,70,의뢰,권고사직
노무사자문계약,20,10,10,높음,70,의뢰,권고사직
직장내괴롭힘외부조사,20,10,10,높음,70,의뢰,권고사직
부산공인노무사,20,10,10,높음,70,의뢰,권고사직
퇴직금미수령,20,10,10,높음,70,기타,권고사직
삼성동노무사,20,10,10,높음,70,의뢰,권고사직
노무사자문료,20,10,10,높음,70,의뢰,권고사직
대전공인노무사,20,10,10,높음,70,의뢰,권고사직
기업자문노무사,20,10,10,높음,70,의뢰,권고사직
임금체불고소장양식,20,10,10,높음,70,의뢰,권고사직
충남노무사,20,10,10,높음,70,의뢰,권고사직
노동조합노무사,20,10,10,높음,70,의뢰,권고사직
급여관리엑셀시트,20,10,10,낮음,70,기타,권고사직
바로노무사사무소,20,10,10,낮음,70,의뢰,부당해고
논산노무사,20,10,10,중간,70,의뢰,부당해고
보령노무사,20,10,10,높음,70,의뢰,부당해고
진천노무사,20,10,10,중간,70,의뢰,부당해고
식당노무사,20,10,10,낮음,70,의뢰,부당해고
노무사출신변호사,20,10,10,중간,70,의뢰,부당해고
강남구노무사,20,10,10,높음,70,의뢰,부당해고
노무사부당해고,20,10,10,높음,70,의뢰,부당해고
화성시노무사,20,10,10,높음,70,의뢰,부당해고
임금상담,20,10,10,높음,70,의뢰,부당해고
경기도광주노무사,20,10,10,낮음,70,의뢰,부당해고
광명시노무사,20,10,10,높음,70,의뢰,부당해고
역삼동노무사,20,10,10,높음,70,의뢰,부당해고
양천구노무사,20,10,10,높음,70,의뢰,부당해고
부당해고고발,20,10,10,낮음,70,의뢰,해고예고수당
실업급여소송,20,10,10,낮음,70,의뢰,해고예고수당
임금체불고발,20,10,10,높음,70,의뢰,해고예고수당
퇴직시연차수당계산기,20,10,10,낮음,70,정보,해고예고수당
시간외수당계산법,20,10,10,낮음,70,정보,해고예고수당
심야수당계산법,20,10,10,낮음,70,정보,해고예고수당
연봉제연차수당,20,10,10,높음,70,기타,해고예고수당
연월차수당계산법,20,10,10,낮음,70,정보,해고예고수당
연차수당신청서,20,10,10,높음,70,기타,해고예고수당
연차수당자동계산,20,10,10,낮음,70,정보,해고예고수당
임금계산방법,20,10,10,낮음,70,정보,해고예고수당
임금계산법,20,10,10,낮음,70,정보,해고예고수당
임금삭감의범위,20,10,10,낮음,70,기타,해고예고수당
임원부당해고,20,10,10,중간,70,의뢰,해고예고수당
체불임금가압류,20,10,10,높음,70,의뢰,해고예고수당
최저임금포함수당,20,10,10,높음,70,기타,해고예고수당
통상임금이란,20,10,10,낮음,70,정보,해고예고수당
통상임금제외수당,20,10,10,높음,70,기타,해고예고수당
종로노무사,20,10,10,높음,70,의뢰,해고예고수당
시급급여계산,20,10,10,낮음,70,정보,해고예고수당
시급급여대장,20,10,10,높음,70,기타,해고예고수당
양산시노무사,20,10,10,높음,70,의뢰,퇴직금
노무사계약,20,10,10,높음,70,의뢰,퇴직금
울산직장내괴롭힘,20,10,10,중간,70,의뢰,퇴직금
개인형퇴직연금IRP추천,20,10,10,높음,70,정보,퇴직금
급여대장계산기,20,10,10,낮음,70,정보,퇴직금계산
퇴직금신청서양식,20,10,10,높음,70,정보,퇴직금계산
퇴직금액증명서,20,10,10,높음,70,기타,퇴직금계산
퇴직금정산신청서,20,10,10,높음,70,기타,퇴직금계산
퇴직금정산양식,20,10,10,높음,70,정보,퇴직금계산
퇴직금자동계산,20,10,10,낮음,70,정보,퇴직금계산
가족수당미지급확인서,20,10,10,중간,70,의뢰,퇴직금계산
개인급여대장,20,10,10,높음,70,기타,퇴직금계산
급여계산사이트,20,10,10,중간,70,정보,퇴직금계산
급여명세서작성법,20,10,10,높음,70,기타,퇴직금계산
급여설계,20,10,10,높음,70,기타,퇴직금계산
급여수당종류,20,10,10,높음,70,정보,퇴직금계산
급여양식,20,10,10,높음,70,정보,퇴직금계산
급여인상제안서,20,10,10,높음,70,기타,퇴직금계산
생산직급여계산,20,10,10,낮음,70,정보,퇴직금계산
인사노무급여관리실무,20,10,10,높음,70,기타,퇴직금계산
임금계산서,20,10,10,높음,70,정보,퇴직금계산
퇴직급여계산법,20,10,10,낮음,70,정보,퇴직금계산
퇴직금중간정산요청서,20,10,10,높음,70,기타,퇴직금계산
퇴직금중간신청서,20,10,10,높음,70,기타,퇴직금계산
직원급여관리대장,20,10,10,낮음,70,기타,퇴직금계산
법정퇴직금지급의무자,20,10,10,낮음,70,기타,퇴직금계산
퇴직금관리규정,20,10,10,낮음,70,기타,퇴직금계산
퇴직금산정명세서,20,10,10,높음,70,기타,퇴직금계산
퇴직금적립방법,20,10,10,높음,70,정보,퇴직금계산
퇴직금정산합의서,20,10,10,높음,70,기타,퇴직금계산
퇴직금지급소송,20,10,10,높음,70,의뢰,퇴직금계산
퇴직금지급영수증,20,10,10,높음,70,기타,퇴직금계산
퇴직연금가입대상,20,10,10,높음,70,기타,퇴직금계산
퇴직연금가입자격,20,10,10,높음,70,기타,퇴직금계산
퇴직연금가입하기,20,10,10,높음,70,기타,퇴직금계산
퇴직연금규정,20,10,10,높음,70,기타,퇴직금계산
해고수당회계처리,20,10,10,중간,70,기타,퇴직금계산
확정형퇴직연금,20,10,10,중간,70,기타,퇴직금계산
임금명세서작성,20,10,10,높음,70,기타,퇴직금계산
급여자동계산기,20,10,10,높음,70,정보,퇴직금계산
엑셀급여,20,10,10,높음,70,기타,퇴직금계산
퇴직금무료상담,20,10,10,높음,70,의뢰,퇴직금계산
직원급여계산,20,10,10,높음,70,정보,퇴직금계산
개인노무사,20,10,10,높음,70,의뢰,퇴직금계산
급여명세서메일,20,10,10,높음,70,기타,퇴직금계산
무료급여명세서,20,10,10,높음,70,기타,퇴직금계산
직원급여관리,20,10,10,높음,70,기타,퇴직금계산
노동조합가입신청서,20,10,10,높음,70,기타,퇴직금계산
급여계산엑셀파일,20,10,10,높음,70,정보,퇴직금계산
엑셀급여관리,20,10,10,높음,70,기타,퇴직금계산
개인별급여대장,20,10,10,높음,70,기타,퇴직금계산
급여계산서식,20,10,10,높음,70,정보,퇴직금계산
급여명세서관리,20,10,10,높음,70,기타,퇴직금계산
급여파일,20,10,10,높음,70,기타,퇴직금계산
시간제급여대장,20,10,10,높음,70,기타,퇴직금계산
월급대장,20,10,10,높음,70,기타,퇴직금계산
직원급여내역서,20,10,10,높음,70,기타,퇴직금계산
직원급여대장,20,10,10,높음,70,기타,퇴직금계산
급여외주,20,10,10,높음,70,기타,퇴직금계산
일용직급여명세표,20,10,10,높음,70,기타,퇴직금계산
미금역노무사,20,10,10,중간,70,의뢰,임금체불
동두천노무사,20,10,10,높음,70,의뢰,임금체불
양평노무사,20,10,10,높음,70,의뢰,임금체불
실업급여부정수급상담,20,10,10,높음,70,의뢰,임금체불
월급못받았을때,20,10,10,높음,70,기타,임금체불
산본노무사,20,10,10,중간,70,의뢰,임금체불
월차근로기준법,20,10,10,높음,70,정보,임금체불
홍대노무사,20,10,10,중간,70,의뢰,임금체불
권고사직노무사,20,10,10,높음,70,의뢰,임금체불
최종급여,20,10,10,높음,70,기타,최종급여
연차휴가일수계산기,20,10,10,낮음,70,정보,연차수당
입사일기준연차관리,20,10,10,높음,70,정보,연차수당
입사일기준연차정산,20,10,10,높음,70,정보,연차수당
회계기준연차계산기,20,10,10,낮음,70,정보,연차수당
회계년도연차부여,20,10,10,높음,70,기타,연차수당
회계연도기준연차발생,20,10,10,높음,70,정보,연차수당
연차시트,20,10,10,높음,70,기타,연차수당
연차체크,20,10,10,높음,70,기타,연차수당
연차휴가관리표,20,10,10,높음,70,기타,연차수당
회계년도연차관리,20,10,10,높음,70,기타,연차수당
회사연차관리,20,10,10,높음,70,기타,연차수당
직원연차관리,20,10,10,높음,70,기타,연차수당
무료연차관리,20,10,10,높음,70,기타,연차수당
입사일연차계산,20,10,10,낮음,70,정보,연차수당
연차휴가관리엑셀,20,10,10,낮음,70,기타,연차수당
회계년도기준연차발생,20,10,10,높음,70,정보,연차수당
신입사원연차계산,20,10,10,낮음,70,정보,연차수당
연차사용현황,20,10,10,높음,70,기타,연차수당
중도퇴사자연차계산,20,10,10,낮음,70,정보,연차수당
엑셀연차관리,20,10,10,높음,70,기타,연차수당
연차관리서식,20,10,10,높음,70,정보,연차수당
연차사용관리,20,10,10,중간,70,기타,연차수당
연차엑셀양식,20,10,10,높음,70,정보,연차수당
연차정산서,20,10,10,높음,70,기타,연차수당
연차계산기록부,20,10,10,낮음,70,정보,연차수당
연차관리엑셀파일,20,10,10,높음,70,기타,연차수당
연차기록,20,10,10,높음,70,기타,연차수당
연차수당계산하기,20,10,10,낮음,70,정보,연차수당
연차휴가관리,20,10,10,높음,70,기타,연차수당
연차관리시트,20,10,10,높음,70,기타,연차수당
미사용연차사용촉구서,20,10,10,높음,70,기타,연차수당
년월차수당,20,10,10,높음,70,기타,연차수당
연월차수당계산기,20,10,10,낮음,70,정보,연차수당
퇴사연차수당계산기,20,10,10,낮음,70,정보,연차수당
2024공무원급여표,20,10,10,낮음,70,기타,연차수당
2024년근로소득간이세액표,20,10,10,낮음,70,기타,연차수당
2024년급여계산기,20,10,10,낮음,70,정보,연차수당
2024년급여대장,20,10,10,낮음,70,기타,연차수당
2024년급여대장양식,20,10,10,낮음,70,정보,연차수당
2024년연차개수,20,10,10,낮음,70,기타,연차수당
2024연차계산기,20,10,10,낮음,70,정보,연차수당
2교대급여계산,20,10,10,낮음,70,정보,연차수당
개인급여명세표,20,10,10,낮음,70,기타,연차수당
개인연차관리,20,10,10,높음,70,기타,연차수당
건설일용직급여명세서,20,10,10,높음,70,기타,연차수당
경비급여계산,20,10,10,낮음,70,정보,연차수당
근로소득계산기,20,10,10,낮음,70,정보,연차수당
근로소득세자동계산,20,10,10,낮음,70,정보,연차수당
근로일지,20,10,10,높음,70,기타,연차수당
급여계산하기,20,10,10,낮음,70,정보,연차수당
급여공제계산,20,10,10,낮음,70,정보,연차수당
급여기본급계산,20,10,10,낮음,70,정보,연차수당
급여날짜계산,20,10,10,낮음,70,정보,연차수당
급여명세서메일발송,20,10,10,높음,70,기타,연차수당
급여명세서자동발송,20,10,10,높음,70,기타,연차수당
급여명세서전송,20,10,10,중간,70,기타,연차수당
급여봉투문구,20,10,10,높음,70,기타,연차수당
급여분석,20,10,10,낮음,70,기타,연차수당
급여비율,20,10,10,높음,70,기타,연차수당
급여상세내역,20,10,10,높음,70,기타,연차수당
급여서식,20,10,10,높음,70,정보,연차수당
급여세액,20,10,10,낮음,70,기타,연차수당
급여소급계산,20,10,10,낮음,70,정보,연차수당
급여수당계산,20,10,10,높음,70,정보,연차수당
급여신고서,20,10,10,높음,70,의뢰,연차수당
급여엑셀파일,20,10,10,높음,70,기타,연차수당
급여인사말,20,10,10,높음,70,기타,연차수당
급여인상률계산,20,10,10,낮음,70,정보,연차수당
급여인상사유,20,10,10,중간,70,기타,연차수당
급여인상안,20,10,10,높음,70,기타,연차수당
급여인상율,20,10,10,높음,70,기타,연차수당
급여일계산,20,10,10,낮음,70,정보,연차수당
급여일변경,20,10,10,높음,70,기타,연차수당
급여자동화,20,10,10,높음,70,기타,연차수당
급여정리,20,10,10,높음,70,기타,연차수당
급여정산표,20,10,10,높음,70,기타,연차수당
급여통계,20,10,10,높음,70,기타,연차수당
기본급여계산,20,10,10,낮음,70,정보,연차수당
시간외수당엑셀,20,10,10,높음,70,기타,연차수당
시간외수당지급명세서,20,10,10,낮음,70,기타,연차수당
시급급여명세서,20,10,10,중간,70,기타,연차수당
시급제급여,20,10,10,높음,70,기타,연차수당
시급제급여대장,20,10,10,중간,70,기타,연차수당
엑셀연차,20,10,10,높음,70,기타,연차수당
연간급여대장,20,10,10,높음,70,기타,연차수당
연장근로대장,20,10,10,높음,70,기타,연차수당
연차계산서,20,10,10,높음,70,정보,연차수당
연차계산서식,20,10,10,높음,70,정보,연차수당
연차계산표,20,10,10,낮음,70,정보,연차수당
연차수당관리,20,10,10,높음,70,기타,연차수당
연차유급휴가부여시기,20,10,10,낮음,70,기타,연차수당
연차휴가발생,20,10,10,높음,70,기타,연차수당
연차휴가사용신청서,20,10,10,높음,70,기타,연차수당
연차휴가실무,20,10,10,높음,70,기타,연차수당
연차휴가양식,20,10,10,높음,70,정보,연차수당
연차휴가엑셀,20,10,10,높음,70,기타,연차수당
월급계산기엑셀,20,10,10,낮음,70,정보,연차수당
월급명세서엑셀,20,10,10,높음,70,기타,연차수당
월급일급계산,20,10,10,낮음,70,정보,연차수당
월급정산,20,10,10,낮음,70,기타,연차수당
일반급여,20,10,10,중간,70,기타,연차수당
일용급여대장,20,10,10,높음,70,기타,연차수당
일용직급여엑셀,20,10,10,높음,70,기타,연차수당
일용직임금대장,20,10,10,높음,70,기타,연차수당
임금대장엑셀양식,20,10,10,높음,70,정보,연차수당
중간퇴사자연차,20,10,10,높음,70,기타,연차수당
통상급여계산,20,10,10,낮음,70,정보,연차수당
파트타임급여,20,10,10,높음,70,기타,연차수당
파트타임급여계산,20,10,10,낮음,70,정보,연차수당
회계연도연차관리,20,10,10,높음,70,기타,연차수당
회계일연차,20,10,10,높음,70,기타,연차수당
연차수당계산양식,20,10,10,높음,70,정보,연차수당
연차휴가관리대장엑셀,20,10,10,높음,70,기타,연차수당
퇴사시연차계산기,20,10,10,낮음,70,정보,연차수당
퇴직시연차계산기,20,10,10,낮음,70,정보,연차수당
회계년도연차계산기엑셀,20,10,10,낮음,70,정보,연차수당
교대근무월급계산기,20,10,10,낮음,70,정보,연차수당
플렉스급여,20,10,10,중간,70,기타,연차수당
군포노무사,20,10,10,높음,70,의뢰,주휴수당
근로복지공단확정정산,20,10,10,높음,70,기타,주휴수당
성희롱예방온라인교육,20,10,10,낮음,70,의뢰,직장내괴롭힘
직장내괴롭힘방지,20,10,10,높음,70,의뢰,직장내괴롭힘
영등포구노무사,20,10,10,높음,70,의뢰,직장내괴롭힘
직장내괴롭힘강의,20,10,10,높음,70,의뢰,직장내괴롭힘
직장내괴롭힘온라인,20,10,10,낮음,70,의뢰,직장내괴롭힘
직장내괴롭힘온라인교육,20,10,10,높음,70,의뢰,직장내괴롭힘
갑질예방교육강사,20,10,10,높음,70,의뢰,직장내괴롭힘
괴롭힘예방교육,20,10,10,높음,70,의뢰,직장내괴롭힘
직장내괴롭힘교육강사,20,10,10,높음,70,의뢰,직장내괴롭힘
강서노무사,20,10,10,높음,70,의뢰,직장내괴롭힘
과천노무사,20,10,10,높음,70,의뢰,직장내괴롭힘
카카오톡성희롱,20,10,10,높음,70,의뢰,직장내괴롭힘
서초노무사,20,10,10,높음,70,의뢰,직장내괴롭힘
감단직근로계약서,20,10,10,높음,70,기타,직장내괴롭힘
노무사유료상담,20,10,10,높음,70,의뢰,직장내괴롭힘
강북구노무사,20,10,10,높음,70,의뢰,직장내괴롭힘
노원구노무사,20,10,10,높음,70,의뢰,직장내괴롭힘
성희롱예방교육동영상,20,10,10,높음,70,의뢰,직장내괴롭힘
성희롱대처법,20,10,10,높음,70,의뢰,직장내괴롭힘
계양구노무사,20,10,10,높음,70,의뢰,직장내괴롭힘
인사노무사,20,10,10,높음,70,의뢰,직장내괴롭힘
김천노무사,20,10,10,중간,70,의뢰,직장내괴롭힘
경비원최저임금,20,10,10,높음,70,기타,직장내괴롭힘
문정동노무사,20,10,10,높음,70,의뢰,직장내괴롭힘
일산산재노무사,20,10,10,높음,70,의뢰,직장내괴롭힘
고용노동부법정교육,20,10,10,높음,70,기타,직장내괴롭힘
온라인성희롱예방교육,20,10,10,높음,70,의뢰,직장내괴롭힘
고용노동부온라인교육,20,10,10,중간,70,기타,직장내괴롭힘
고용노동부위탁기관,20,10,10,높음,70,기타,직장내괴롭힘
고용노동부인증교육기관,20,10,10,높음,70,기타,직장내괴롭힘
직장상사갑질,20,10,10,낮음,70,의뢰,직장상사갑질
직장내성희롱,20,10,10,낮음,70,의뢰,직장내성희롱
회사따돌림,20,10,10,낮음,70,기타,회사따돌림
2024실업급여조건,20,10,10,낮음,70,정보,실업급여조건
2024실업급여계산기,20,10,10,낮음,70,정보,실업급여조건
고용부실업급여,20,10,10,낮음,70,기타,실업급여조건
2024실업급여금액,20,10,10,낮음,70,기타,실업급여조건
2024실업급여,20,10,10,낮음,70,기타,실업급여조건
2024실업급여계산,20,10,10,낮음,70,정보,실업급여조건
2024실업급여신청방법,20,10,10,낮음,70,정보,실업급여조건
정년퇴직후실업급여신청방법,20,10,10,중간,70,정보,실업급여조건
건설업전문노무사,20,10,10,높음,70,의뢰,실업급여조건
나주노무사,20,10,10,중간,70,의뢰,실업급여조건
실업급여신청가능,20,10,10,높음,70,기타,실업급여조건
실업급여신청홈페이지,20,10,10,높음,70,기타,실업급여조건
퇴사후실업급여신청방법,20,10,10,높음,70,정보,실업급여조건
실업급여모바일신청방법,20,10,10,높음,70,정보,실업급여조건
실업급여빨리받는법,20,10,10,낮음,70,기타,실업급여조건
실업급여신청문의,20,10,10,높음,70,기타,실업급여조건
실업급여신청후취소,20,10,10,중간,70,기타,실업급여조건
워크넷실업급여신청,20,10,10,중간,70,기타,실업급여조건
질병실업급여신청,20,10,10,중간,70,기타,실업급여조건
임금확인서양식,20,10,10,높음,70,정보,이직확인서
노동위원회,20,10,10,낮음,70,기타,노동위원회
시흥시노무사,20,10,10,높음,70,의뢰,수습기간해고
노동전문로펌,20,10,10,높음,70,기타,수습기간해고
계약직해지,20,10,10,높음,70,기타,계약직해지
인수인계거부,20,10,10,중간,70,의뢰,인수인계거부
